Report Number,Date,Time,Collision Day of Week,Primary Road,Secondary Road,X,Y,Latitude,Longitude,Highest Degree of Injury,Number Injured,Number Killed,Party at Fault,Primary Collision Factor,Hit and Run,Collision Type,Involved With,Pedestrian Action,Violation,Violation Subsection,Weather,Road Condition1,Lighting,Right of Way Controls,Party Type 1,Party Age 1,Party Sex 1,Movement Preceding Collision 1,special information 1,Associated Cause - Factor 1 1,Party Sobriety 1 1,Party Type 2,Party Age 2,Party Sex 2,Movement Preceding Collision 2,special information 2,Associated Cause - Factor 1 2,Party Sobriety 1 2,Safety Equipment 2
20100050148,10/22/2010,15:41,Friday,SANTA RITA RD,FRANCISCO ST (W),6164227,2071148,37.67495462,-121.8733107,Property Damage Only,0,0,,Auto R/W Violation,No,Broadside,Other Motor Vehicle,No Pedestrian Involved,21801,,Cloudy,No Unusual Condition,Daylight,None,Driver,17,Not Stated,Making Left Turn,Not Stated,Not Stated,HNBD,Driver,51,Not Stated,Proceeding Straight,Not Stated,Not Stated,HNBD,Not Stated
2012-00039664,10/22/2012,11:52,Monday,SANTA RITA RD,JENSEN ST (W),6164155.888,2068256.779,37.66698267,-121.8733261,Property Damage Only,0,0,,Unknown,No,Hit Object,Fixed Object,No Pedestrian Involved,,,Clear,No Unusual Condition,Daylight,None,Driver,42,Male,Proceeding Straight,Cell Phone Not In Use,None Apparent,HNBD,Driver,57,Female,Proceeding Straight,Cell Phone Not In Use,None Apparent,HNBD,Lap/Shoulder Harness Used
201400041231,10/22/2014,08:21,Wednesday,FOOTHILL RD,OFF RAMP WB I580 TO FOOTHILL RD,6146469.517,2080091.954,37.69885229,-121.9350305,Property Damage Only,0,0,1,Unsafe Speed,No,Rear-End,Other Motor Vehicle,No Pedestrian Involved,22350,,Clear,No Unusual Condition,Daylight,No Controls Present / Factor,Driver,24,Female,Proceeding Straight,Cell Phone Not In Use,Inattention,HNBD,Driver,30,Female,Proceeding Straight,Cell Phone Not In Use,None Apparent,HNBD,Lap/Shoulder Harness Used
201500038134,10/22/2015,08:42,Thursday,CASE AV,VALLEY AV,6160905.094,2062950.162,37.65238604,-121.8843778,Property Damage Only,0,0,1,Unsafe Speed,No,Hit Object,Fixed Object,No Pedestrian Involved,22350,,Clear,No Unusual Condition,Daylight,No Controls Present / Factor,Driver,82,Male,Ran Off Road,Cell Phone Not In Use,Other,HNBD,,,,,,,,
201600039128,10/22/2016,11:05,Saturday,OWENS DR,WILLOW RD,6157170,2080341,37.69985355,-121.8981361,Other Visible Injury,2,0,1,Unsafe Speed,No,Rear-End,Other Motor Vehicle,No Pedestrian Involved,22350,,Clear,No Unusual Condition,Daylight,Functioning,Driver,74,Female,Proceeding Straight,Cell Phone Not In Use,None Apparent,HNBD,Driver,29,Male,Stopped In Road,Cell Phone Not In Use,None Apparent,HNBD,Lap/Shoulder Harness Used
201600039154,10/22/2016,16:15,Saturday,BLACK AV,LOGANBERRY WY (E),6163163.969,2070158.075,37.67218352,-121.8769559,Property Damage Only,0,0,1,Improper Turning,No,Hit Object,Fixed Object,No Pedestrian Involved,22100,A,Clear,No Unusual Condition,Daylight,No Controls Present / Factor,Driver,16,Female,Making Right Turn,Cell Phone Not In Use,None Apparent,HNBD,,,,,,,,
201700042633,10/22/2017,08:26,Sunday,OWENS DR,ORACLE,6159194,2080025,37.69913382,-121.8910497,Complaint of Pain,1,0,1,Unsafe Speed,No,Overturned,Fixed Object,No Pedestrian Involved,22350,,Clear,No Unusual Condition,Daylight,Functioning,Driver,51,Male,Proceeding Straight,Cell Phone Not In Use,Vision Obscurements,HNBD,,,,,,,,
201800040654,10/22/2018,12:28,Monday,OWENS DR,ROSEWOOD DR,6160195.894,2079092.377,37.69657267,-121.8875871,Complaint of Pain,1,0,1,Auto R/W Violation,No,Broadside,Other Motor Vehicle,No Pedestrian Involved,21801,A,Clear,No Unusual Condition,Daylight,No Controls Present / Factor,Driver,49,Male,Making Left Turn,Cell Phone Not In Use,None Apparent,HNBD,Driver,41,Female,Proceeding Straight,Not Stated,None Stated,Not Stated,Lap/Shoulder Harness Used
201100047358,10/23/2011,11:15,Sunday,FOOTHILL RD,BERNAL AV,6154200.622,2063567.792,37.65379797,-121.9074627,Complaint of Pain,2,0,1,Auto R/W Violation,No,Broadside,Other Motor Vehicle,No Pedestrian Involved,21804,,Clear,No Unusual Condition,Daylight,None,Driver,50,Male,Entering Traffic,Cell Phone Not In Use,None Apparent,HNBD,Driver,50,Male,Proceeding Straight,Cell Phone Not In Use,None Apparent,HNBD,Lap/Shoulder Harness Used
201300037215,10/23/2013,16:00,Wednesday,BERNAL AV,ON RAMP NB I680 FROM BERNAL AVE,6156193.472,2064724.12,37.65706664,-121.9007504,Complaint of Pain,1,0,1,Unsafe Speed,No,Rear-End,Other Motor Vehicle,No Pedestrian Involved,22350,,Clear,No Unusual Condition,Daylight,Functioning,Driver,60,Female,Proceeding Straight,Cell Phone Not In Use,Stop and Go Traffic,HNBD,Driver,52,Male,Proceeding Straight,Cell Phone Not In Use,Stop and Go Traffic,HNBD,Lap/Shoulder Harness Used
201500038314,10/23/2015,,Friday,VINEYARD AV,BERNAL AV (N),6169213,2067394,37.66490599,-121.855794,Complaint of Pain,1,0,1,Unsafe Speed,No,Rear-End,Other Motor Vehicle,No Pedestrian Involved,22350,,Clear,No Unusual Condition,Daylight,Functioning,Driver,38,Male,Ran Off Road,Cell Phone Not In Use,None Apparent,Not Applicable,Driver,66,Female,Proceeding Straight,Cell Phone Not In Use,Stop and Go Traffic,HNBD,Lap/Shoulder Harness Used
201500038313,10/23/2015,16:50,Friday,VALLEY AV,HOPYARD RD,6157690.887,2071856.393,37.676598,-121.895895,Other Visible Injury,1,0,1,Auto R/W Violation,No,Broadside,Bicycle,No Pedestrian Involved,21804,A,Clear,No Unusual Condition,Daylight,Functioning,Driver,48,Female,Making Right Turn,Cell Phone Not In Use,None Apparent,HNBD,Bicyclist,13,Male,Proceeding Straight,Cell Phone Not In Use,None Apparent,HNBD,M/C Helmet Driver - Yes
201600039202,10/23/2016,01:41,Sunday,STANLEY BL,FIRST ST,6165992,2067809,37.66575298,-121.866983,Severe Injury,2,0,1,Driving Under Influence,No,Head-On,Fixed Object,No Pedestrian Involved,23153,A,Clear,No Unusual Condition,Dark - Street Lights,Functioning,Driver,39,Male,Proceeding Straight,Cell Phone Not In Use,Violation,HBD Under Influence,,,,,,,,
201600039217,10/23/2016,10:13,Sunday,STONERIDGE DR,GIBRALTAR DR,6159061,2077507,37.69221894,-121.8915094,Complaint of Pain,2,0,1,Traffic Signals and Signs,No,Head-On,Other Motor Vehicle,No Pedestrian Involved,21453,A,Clear,No Unusual Condition,Daylight,Functioning,Driver,34,Male,Other,Cell Phone Not In Use,None Apparent,HNBD,Driver,43,Female,Proceeding Straight,Cell Phone Not In Use,None Apparent,HNBD,Lap/Shoulder Harness Used
201600039219,10/23/2016,10:19,Sunday,SANTA RITA RD,LOCKHART LN,6163807,2072765,37.67939521,-121.8747619,Complaint of Pain,1,0,1,Unsafe Speed,No,Broadside,Bicycle,No Pedestrian Involved,22350,,Clear,No Unusual Condition,Daylight,Functioning,Bicyclist,50,Male,Entering Traffic,,Inattention,HNBD,Driver,21,Female,Making Right Turn,,,HNBD,Lap/Shoulder Harness Used
201800040768,10/23/2018,09:47,Tuesday,VALLEY AV,CRESTLINE RD,6160008.992,2071836.35,37.67679239,-121.8878566,Other Visible Injury,1,0,1,Unsafe Speed,No,Rear-End,Other Motor Vehicle,No Pedestrian Involved,22350,,Clear,No Unusual Condition,Daylight,No Controls Present / Factor,Driver,45,Female,Proceeding Straight,Cell Phone Not In Use,None Apparent,HNBD,Driver,61,Male,Proceeding Straight,Cell Phone Not In Use,None Apparent,HNBD,Lap/Shoulder Harness Used
201800040806,10/23/2018,16:05,Tuesday,STONERIDGE DR,TREVOR PW,6169199.405,2077812.051,37.69333512,-121.8563695,Other Visible Injury,1,0,1,Improper Turning,No,Hit Object,Fixed Object,No Pedestrian Involved,22107,,Clear,No Unusual Condition,Daylight,No Controls Present / Factor,Driver,38,Female,Proceeding Straight,Cell Phone Not In Use,None Apparent,HNBD,,,,,,,,
201000050462,10/24/2010,14:32,Sunday,VALLEY AV,HOPYARD RD,6157424.927,2071660.426,37.67605983,-121.896814,Property Damage Only,0,0,,Unsafe Speed,No,Hit Object,Fixed Object,No Pedestrian Involved,22350,,Raining,No Unusual Condition,Daylight,None,Driver,20,Not Stated,Proceeding Straight,Not Stated,Not Stated,HNBD,,,,,,,,
201300037332,10/24/2013,15:20,Thursday,CHABOT DR,STONERIDGE DR,6156218,2077273,37.69142826,-121.9014267,Property Damage Only,0,0,1,Traffic Signals and Signs,No,Broadside,Other Motor Vehicle,No Pedestrian Involved,21453,A,Clear,No Unusual Condition,Daylight,Functioning,Driver,24,Male,Proceeding Straight,Cell Phone Not In Use,None Apparent,HNBD,Driver,43,Male,Proceeding Straight,Cell Phone Not In Use,None Apparent,HNBD,Lap/Shoulder Harness Used
201400041553,10/24/2014,16:44,Friday,DUBLIN CANYON RD,CANYON MEADOWS DR,6142345,2078804,37.6950301,-121.9493109,Complaint of Pain,4,0,1,Auto R/W Violation,No,Broadside,Other Motor Vehicle,No Pedestrian Involved,21804,A,Clear,No Unusual Condition,Daylight,No Controls Present / Factor,Driver,16,Female,Making Left Turn,Cell Phone Not In Use,None Apparent,HNBD,Driver,19,Male,Proceeding Straight,Cell Phone Not In Use,None Apparent,HNBD,Lap/Shoulder Harness Used
201400041561,10/24/2014,18:03,Friday,LAS POSITAS BL,SANTA RITA RD,6162819,2077378,37.69208672,-121.8783709,Complaint of Pain,1,0,1,Unsafe Starting or Backing,No,Rear-End,Other Motor Vehicle,No Pedestrian Involved,22106,,Clear,No Unusual Condition,Daylight,Functioning,Driver,21,Male,Making Right Turn,Cell Phone Not In Use,None Apparent,HNBD,Driver,41,Female,Making Right Turn,Cell Phone Not In Use,None Apparent,HNBD,Lap/Shoulder Harness Used
201500038435,10/24/2015,15:15,Saturday,LAGUNA HILLS LN,FAWN HILLS LN,6156844.284,2062018.691,37.64954383,-121.8983316,Property Damage Only,0,0,,Other Than Driver,No,Other,Animal,No Pedestrian Involved,,,Clear,No Unusual Condition,Daylight,No Controls Present / Factor,Driver,48,Male,Proceeding Straight,Cell Phone Not In Use,None Apparent,Impairment Not Known,,,,,,,,
201600039308,10/24/2016,10:25,Monday,HOPYARD RD,INGLEWOOD DR,6155507,2076069,37.68808528,-121.9036448,Other Visible Injury,1,0,1,Other Hazardous Movement,No,Broadside,Other Motor Vehicle,No Pedestrian Involved,21451,A,Cloudy,No Unusual Condition,Daylight,Functioning,Driver,35,Female,Proceeding Straight,Cell Phone Not In Use,None Apparent,HNBD,Driver,18,Female,Proceeding Straight,Cell Phone Not In Use,None Apparent,HNBD,Lap/Shoulder Harness Used
201700043018,10/24/2017,17:28,Tuesday,LAS POSITAS BL,WILLOW RD,6157046,2074450,37.68379565,-121.8983317,Complaint of Pain,2,0,1,Traffic Signals and Signs,No,Broadside,Other Motor Vehicle,No Pedestrian Involved,21453,A,Clear,No Unusual Condition,Daylight,Functioning,Driver,75,Male,Proceeding Straight,Cell Phone Not In Use,Vision Obscurements,HNBD,Driver,44,Female,Stopped In Road,Cell Phone Not In Use,None Apparent,HNBD,Lap/Shoulder Harness Used
201300037495,10/25/2013,17:33,Friday,EL CHARRO RD,OFF RAMP EB I580 TO EL CHARRO RD,6171574,2080090,37.69980798,-121.848362,Other Visible Injury,2,0,1,Traffic Signals and Signs,No,Broadside,Other Motor Vehicle,No Pedestrian Involved,21453,A,Clear,No Unusual Condition,Dusk - Dawn,Functioning,Driver,32,Male,Proceeding Straight,Cell Phone Not In Use,None Apparent,HNBD,Driver,38,Male,Making Left Turn,Cell Phone Not In Use,None Apparent,HNBD,Lap/Shoulder Harness Used
201400041653,10/25/2014,13:30,Saturday,RAY ST,WALNUT DR,6164515.484,2066959.373,37.66341973,-121.8720839,Other Visible Injury,1,0,1,Auto R/W Violation,No,Broadside,Other Motor Vehicle,No Pedestrian Involved,21804,B,Clear,No Unusual Condition,Daylight,No Controls Present / Factor,Driver,45,Female,Proceeding Straight,Cell Phone Not In Use,None Apparent,HNBD,Driver,64,Female,Entering Traffic,Cell Phone Not In Use,None Apparent,HNBD,Lap/Shoulder Harness Used
201700043122,10/25/2017,10:17,Wednesday,STONERIDGE DR,EL CHARRO RD,6171598,2079218,37.69741331,-121.848279,Complaint of Pain,1,0,,Unknown,No,Head-On,Other Motor Vehicle,No Pedestrian Involved,,,Clear,No Unusual Condition,Daylight,Functioning,Driver,84,Male,Making Left Turn,Cell Phone Not In Use,None Apparent,HNBD,Driver,56,Male,Proceeding Straight,Cell Phone Not In Use,None Apparent,HNBD,Lap/Shoulder Harness Used
201700043140,10/25/2017,11:45,Wednesday,FOOTHILL RD,FOOTHILL KNOLLS DR,6151595,2067721,37.66503581,-121.9168649,Other Visible Injury,1,0,1,Auto R/W Violation,No,Broadside,Other Motor Vehicle,No Pedestrian Involved,21804,A,Clear,No Unusual Condition,Daylight,No Controls Present / Factor,Driver,70,Male,Making Left Turn,Cell Phone Not In Use,None Apparent,HNBD,Driver,72,Female,Proceeding Straight,Cell Phone Not In Use,None Apparent,HNBD,Lap/Shoulder Harness Used
9390201711578,10/25/2017,13:13,Wednesday,GIBRALTAR DR,HACIENDA DR (N),6158370,2078636,37.69531938,-121.8938974,Other Visible Injury,2,0,1,Other Improper Driving,No,Broadside,Other Motor Vehicle,No Pedestrian Involved,,,Clear,No Unusual Condition,Daylight,Functioning,Driver,24,Male,Proceeding Straight,Cell Phone Not In Use,None Apparent,HNBD,Driver,45,Female,Proceeding Straight,Cell Phone Not In Use,Violation,HNBD,Lap/Shoulder Harness Used
201700043170,10/25/2017,14:36,Wednesday,FIRST ST,ANGELA ST,6163718.798,2065234.641,37.65868328,-121.874836,Other Visible Injury,1,0,1,Improper Turning,No,Overturned,Parked Motor Vehicle,No Pedestrian Involved,22107,,Clear,No Unusual Condition,Daylight,No Controls Present / Factor,Driver,77,Female,Proceeding Straight,Cell Phone Not In Use,None Apparent,HNBD,Parked Vehicle,,,Parked,Cell Phone Not In Use,None Apparent,Not Applicable,
201800041060,10/25/2018,11:41,Thursday,STANLEY BL,CALIFORNIA AV,6167362.633,2068956.081,37.66908343,-121.8624319,Other Visible Injury,1,0,1,Unsafe Speed,No,Rear-End,Other Motor Vehicle,No Pedestrian Involved,22350,,Clear,No Unusual Condition,Daylight,Functioning,Driver,52,Male,Proceeding Straight,Cell Phone Not In Use,None Apparent,HNBD,Driver,64,Male,Proceeding Straight,Cell Phone Not In Use,None Apparent,HNBD,Lap/Shoulder Harness Used
201100047827,10/26/2011,17:08,Wednesday,HACIENDA DR,GIBRALTAR DR (N),6158301.255,2078556.636,37.69510143,-121.894135,Complaint of Pain,1,0,1,Unsafe Speed,No,Rear-End,Other Motor Vehicle,No Pedestrian Involved,22350,,Clear,No Unusual Condition,Daylight,Functioning,Driver,16,Female,Proceeding Straight,Cell Phone Not In Use,Inattention,HNBD,Driver,51,Female,Proceeding Straight,Cell Phone Not In Use,None Apparent,HNBD,Lap/Shoulder Harness Used
2012-00040370,10/26/2012,08:00,Friday,SANTA RITA RD,BLACK AV (W),6164448,2070137,37.67217822,-121.8725472,Property Damage Only,0,0,,Unknown,No,Sideswipe,Bicycle,No Pedestrian Involved,,,Clear,No Unusual Condition,Daylight,Functioning,Driver,,,Making Right Turn,Not Stated,Other,Impairment Not Known,Bicyclist,13,Male,Proceeding Straight,Cell Phone Not In Use,None Apparent,HNBD,M/C Helmet Driver - No
2012-00040218,10/26/2012,10:07,Friday,CORONADO LN,HOPYARD RD,6155490.997,2074923.734,37.68494016,-121.9037002,Complaint of Pain,1,0,1,Unsafe Speed,No,Rear-End,Other Motor Vehicle,No Pedestrian Involved,22350,,Clear,No Unusual Condition,Daylight,Functioning,Driver,26,Male,Making Right Turn,Cell Phone Not In Use,None Apparent,HNBD,Driver,49,Female,Stopped in Road,Cell Phone Not In Use,None Apparent,HNBD,Lap/Shoulder Harness Used
201300037582,10/26/2013,11:06,Saturday,SECOND ST,NEAL ST,6164226,2065380,37.65908246,-121.873084,Complaint of Pain,1,0,1,Auto R/W Violation,No,Broadside,Other Motor Vehicle,No Pedestrian Involved,21802,A,Clear,No Unusual Condition,Daylight,Functioning,Driver,40,Male,Proceeding Straight,Cell Phone Not In Use,None Apparent,HNBD,Driver,22,Female,Proceeding Straight,Cell Phone Not In Use,None Apparent,HNBD,Lap/Shoulder Harness Used
201400041757,10/26/2014,14:37,Sunday,STONERIDGE DR,TREVOR PW,6169273.728,2077827.783,37.69337832,-121.8561127,Property Damage Only,0,0,1,Unsafe Speed,No,Hit Object,Fixed Object,No Pedestrian Involved,22350,,Clear,No Unusual Condition,Daylight,Functioning,Driver,21,Male,Merging,Cell Phone Not In Use,,HNBD,,,,,,,,
201500038591,10/26/2015,06:48,Monday,SANTA RITA RD,OLD SANTA RITA RD,6163000.685,2078405.224,37.69482589,-121.8780041,Complaint of Pain,1,0,1,Driving Under Influence,No,Rear-End,Other Motor Vehicle,No Pedestrian Involved,23152,A,Clear,No Unusual Condition,Dark - Street Lights,Functioning,Driver,50,Male,Proceeding Straight,Cell Phone Not In Use,Violation,HBD Under Influence,Driver,45,Male,Stopped In Road,Cell Phone Not In Use,,HNBD,Lap/Shoulder Harness Used
201500038643,10/26/2015,13:47,Monday,JOHNSON DR,COMMERCE DR,6151449.557,2077565.812,37.69206148,-121.9177647,Property Damage Only,0,0,1,Improper Turning,No,Head-On,Fixed Object,No Pedestrian Involved,22107,,Clear,No Unusual Condition,Daylight,No Controls Present / Factor,Driver,22,Male,Ran Off Road,Cell Phone Handheld In Use,None Apparent,HNBD,,,,,,,,
201600039563,10/26/2016,06:40,Wednesday,STANLEY BL,VALLEY AV,6169311.582,2069492.733,37.67055718,-121.8556986,Other Visible Injury,1,0,1,Unsafe Speed,No,Rear-End,Other Motor Vehicle,No Pedestrian Involved,22350,,Clear,No Unusual Condition,Dusk - Dawn,Functioning,Driver,37,Male,Changing Lanes,Cell Phone Handsfree In Use,None Apparent,HNBD,Driver,27,Male,Stopped In Road,Cell Phone Not In Use,None Apparent,HNBD,Lap/Shoulder Harness Used
201600039729,10/26/2016,10:44,Wednesday,DUBLIN CANYON RD,FOOTHILL RD,6146787.861,2078613.341,37.69479175,-121.9339301,Property Damage Only,0,0,1,Unsafe Speed,Misdemeanor,Rear-End,Other Motor Vehicle,No Pedestrian Involved,22350,,Clear,No Unusual Condition,Daylight,Functioning,Driver,,,,Not Stated,None Stated,Impairment Not Known,Driver,24,Male,Stopped In Road,Cell Phone Not In Use,None Apparent,HNBD,Lap/Shoulder Harness Used
21600039609,10/26/2016,14:02,Wednesday,CANYON WY,FOOTHILL RD,6146879.1,2078654.228,37.69490403,-121.9336148,Property Damage Only,0,0,1,Improper Turning,No,Hit Object,Fixed Object,No Pedestrian Involved,22107,,Clear,No Unusual Condition,Daylight,Functioning,Driver,18,Female,Making Left Turn,Cell Phone Not In Use,None Apparent,HNBD,Parked Vehicle,,,Parked,Not Stated,None Apparent,Not Applicable,
201700043351,10/26/2017,18:41,Thursday,VALLEY AV,DANBURY PARK DR,6164966.844,2071622.758,37.67625839,-121.8707545,Property Damage Only,0,0,1,Improper Turning,No,Head-On,Fixed Object,No Pedestrian Involved,22107,,Clear,No Unusual Condition,Dusk - Dawn,No Controls Present / Factor,Driver,17,Female,Ran Off Road,Cell Phone Not In Use,Inattention,HNBD,,,,,,,,
201800041185,10/26/2018,11:45,Friday,RUBY HILL DR,CAMPINIA PL (S),6183813.53,2054685.65,37.63050963,-121.8048943,Property Damage Only,0,0,,Other Than Driver,No,Hit Object,Fixed Object,No Pedestrian Involved,,,Clear,No Unusual Condition,Daylight,No Controls Present / Factor,Driver,18,Male,Proceeding Straight,Cell Phone Not In Use,None Apparent,HNBD,,,,,,,,
201800041209,10/26/2018,16:01,Friday,FOOTHILL RD,CANYON WY,6146886.055,2078535.776,37.69457874,-121.9335908,Property Damage Only,0,0,1,Unsafe Speed,No,Rear-End,Other Motor Vehicle,No Pedestrian Involved,22350,,Clear,No Unusual Condition,Daylight,Functioning,Driver,19,Female,Proceeding Straight,Cell Phone Not In Use,None Apparent,HNBD,Driver,40,Male,Stopped In Road,Cell Phone Not In Use,None Apparent,HNBD,Lap/Shoulder Harness Used
201147878,10/27/2011,07:10,Thursday,VALLEY AV,KOLLN ST,6165601.934,2071590.705,37.67617037,-121.8685602,Complaint of Pain,2,0,1,Unsafe Speed,No,Rear-End,Other Motor Vehicle,No Pedestrian Involved,22350,,Clear,No Unusual Condition,Daylight,Functioning,Driver,31,Female,Proceeding Straight,Cell Phone Not In Use,Inattention,HNBD,Driver,18,Male,Stopped in Road,Cell Phone Not In Use,None Apparent,HNBD,Lap/Shoulder Harness Used
201100047892,10/27/2011,08:00,Thursday,KOTTINGER DR,SECOND ST,6165041.693,2066328.436,37.66168705,-121.8702662,Other Visible Injury,1,0,1,Other Improper Driving,No,Other,Not Stated,No Pedestrian Involved,,,Clear,No Unusual Condition,Daylight,None,Bicyclist,15,Male,Proceeding Straight,Cell Phone Not In Use,None Apparent,HNBD,,,,,,,,
201100047925,10/27/2011,10:43,Thursday,SANTA RITA RD,STONERIDGE DR,6163003.502,2075862.064,37.68792368,-121.8777333,Property Damage Only,0,0,1,Impeding Traffic,No,Rear-End,Other Motor Vehicle,No Pedestrian Involved,22400,,Clear,No Unusual Condition,Daylight,Functioning,Driver,57,Female,Stopped in Road,Cell Phone Not In Use,None Apparent,HNBD,Driver,33,Male,Proceeding Straight,Cell Phone Not In Use,Violation,HNBD,Lap/Shoulder Harness Used
2012-00040371,10/27/2012,11:58,Saturday,HOPYARD RD,GIBRALTAR DR,6155589.995,2078850.032,37.69575908,-121.9035969,Complaint of Pain,1,0,1,Unsafe Speed,No,Rear-End,Other Motor Vehicle,No Pedestrian Involved,22350,,Clear,No Unusual Condition,Daylight,Functioning,Driver,20,Male,Proceeding Straight,Cell Phone Not In Use,None Apparent,HNBD,Driver,26,Male,Stopped in Road,Cell Phone Not In Use,None Apparent,HNBD,Lap/Shoulder Harness Used
2012-00040411,10/27/2012,17:45,Saturday,ROSE AV,MAIN ST,6163366.689,2065902.002,37.66051598,-121.8760523,Property Damage Only,0,0,1,Improper Passing,No,Sideswipe,Other Motor Vehicle,No Pedestrian Involved,21750,,Clear,No Unusual Condition,Daylight,None,Driver,56,Male,Passing Other Vehicle,Cell Phone Not In Use,None Apparent,HNBD,Driver,22,Male,Parking Maneuver,Cell Phone Not In Use,Other,HNBD,Lap/Shoulder Harness Used
2012-00040421,10/27/2012,20:48,Saturday,FIRST ST,ANGELA ST,6163786.531,2065309.562,37.65888902,-121.874602,Complaint of Pain,1,0,1,Pedestrian Violation,No,Vehicle - Pedestrian,Pedestrian,Crossing Not in Crosswalk,21950,B,Clear,No Unusual Condition,Dark - No Street Lights,None,Pedestrian,14,Female,Proceeding Straight,Not Stated,Other,HBD Not Under Influence,Driver,66,Female,Proceeding Straight,Not Stated,None Apparent,HNBD,Lap/Shoulder Harness Used
201400041811,10/27/2014,09:25,Monday,STONERIDGE DR,LAS POSITAS BL,6160907,2076197,37.68884348,-121.8849782,Complaint of Pain,1,0,1,Traffic Signals and Signs,No,Broadside,Other Motor Vehicle,No Pedestrian Involved,21453,A,Clear,No Unusual Condition,Daylight,Functioning,Driver,24,Male,Proceeding Straight,Cell Phone Not In Use,Inattention,HNBD,Driver,27,Female,Proceeding Straight,Cell Phone Not In Use,None Apparent,HNBD,Lap/Shoulder Harness Used
201400041813,10/27/2014,09:41,Monday,STONERIDGE DR,JOHNSON DR,6152337,2076875,37.69016438,-121.9146979,Complaint of Pain,1,0,2,Auto R/W Violation,No,Broadside,Bicycle,No Pedestrian Involved,21800,A,Clear,No Unusual Condition,Daylight,Functioning,Driver,31,Male,Making Right Turn,Cell Phone Not In Use,None Apparent,HNBD,Bicyclist,31,Male,Proceeding Straight,Cell Phone Not In Use,None Apparent,HNBD,M/C Helmet Driver - No
201500038764,10/27/2015,15:10,Tuesday,SANTA RITA RD,JENSEN ST (W),6164188.515,2068467.266,37.66754023,-121.8734166,Other Visible Injury,2,0,1,Auto R/W Violation,No,Hit Object,Fixed Object,No Pedestrian Involved,21802,A,Clear,No Unusual Condition,Daylight,No Controls Present / Factor,Driver,38,Female,Entering Traffic,Cell Phone Not In Use,None Apparent,HNBD,Driver,21,Male,Proceeding Straight,Cell Phone Not In Use,None Apparent,HNBD,Lap/Shoulder Harness Used
201700043486,10/27/2017,13:51,Friday,MAIN ST,ST MARYS ST,6163706,2066627,37.66250697,-121.8748803,Property Damage Only,0,0,1,Improper Passing,Misdemeanor,Broadside,Other Motor Vehicle,No Pedestrian Involved,21755,,Clear,No Unusual Condition,Daylight,No Controls Present / Factor,Driver,,Not Stated,Passing Other Vehicle,,None Apparent,Impairment Not Known,Driver,27,Female,Stopped In Road,Cell Phone Not In Use,None Apparent,HNBD,Lap/Shoulder Harness Used
201800041370,10/27/2018,22:51,Saturday,HOPYARD RD,OWENS DR,6155369,2079905,37.69865621,-121.9043607,Other Visible Injury,1,0,1,Pedestrian Violation,No,Vehicle - Pedestrian,Pedestrian,In Road,21954,A,Clear,No Unusual Condition,Dark - Street Lights,Functioning,Pedestrian,21,Male,Proceeding Straight,Cell Phone Not In Use,Violation,Impairment Not Known,Driver,21,Male,Making Left Turn,Cell Phone Handsfree In Use,None Apparent,HNBD,Lap/Shoulder Harness Used
201100048129,10/28/2011,15:03,Friday,SANTA RITA RD,STONERIDGE DR,6162993.174,2075896.549,37.68801839,-121.877769,Complaint of Pain,2,0,1,Unsafe Speed,No,Rear-End,Other Motor Vehicle,No Pedestrian Involved,22350,,Clear,No Unusual Condition,Daylight,Functioning,Driver,47,Female,Proceeding Straight,Cell Phone Not In Use,None Apparent,HNBD,Driver,37,Female,Stopped in Road,Cell Phone Not In Use,None Apparent,HNBD,Lap/Shoulder Harness Used
201400041963,10/28/2014,16:51,Tuesday,LAS POSITAS BL,SANTA RITA RD,6162801.015,2077378.742,37.69208876,-121.878433,Property Damage Only,0,0,1,Improper Turning,No,Hit Object,Fixed Object,No Pedestrian Involved,22107,,Clear,No Unusual Condition,Daylight,Functioning,Driver,48,Male,Making Right Turn,Cell Phone Not In Use,Other,HNBD,,,,,,,,
201500038875,10/28/2015,11:57,Wednesday,BROCKTON DR,PIMLICO DR (S),6165780,2080314,37.70023294,-121.8684129,Property Damage Only,0,0,1,Auto R/W Violation,No,Broadside,Other Motor Vehicle,No Pedestrian Involved,21802,A,Cloudy,No Unusual Condition,Daylight,No Controls Present / Factor,Driver,15,Female,Stopped In Road,Cell Phone Not In Use,None Apparent,HNBD,Driver,27,Male,Making Left Turn,Cell Phone Not In Use,None Apparent,HNBD,Lap/Shoulder Harness Used
201500038932,10/28/2015,21:15,Wednesday,SANTA RITA RD,ROSEWOOD DR,6164217.155,2079354.962,37.69743404,-121.8737998,Property Damage Only,0,0,1,Driving Under Influence,No,Hit Object,Fixed Object,No Pedestrian Involved,23152,A,Clear,No Unusual Condition,Dark - Street Lights,No Controls Present / Factor,Driver,38,Male,Making Right Turn,Cell Phone Not In Use,Violation,HBD Under Influence,,,,,,,,