Report Number,Date,Time,Collision Day of Week,Primary Road,Secondary Road,X,Y,Latitude,Longitude,Highest Degree of Injury,Number Injured,Number Killed,Party at Fault,Primary Collision Factor,Hit and Run,Collision Type,Involved With,Pedestrian Action,Violation,Violation Subsection,Weather,Road Condition1,Lighting,Right of Way Controls,Party Type 1,Party Age 1,Party Sex 1,Movement Preceding Collision 1,special information 1,Associated Cause - Factor 1 1,Party Sobriety 1 1,Party Type 2,Party Age 2,Party Sex 2,Movement Preceding Collision 2,special information 2,Associated Cause - Factor 1 2,Party Sobriety 1 2,Safety Equipment 2
201600039855,10/28/2016,12:11,Friday,OWENS DR,HOPYARD RD,6155369,2079905,37.69865621,-121.9043607,Complaint of Pain,1,0,1,Traffic Signals and Signs,No,Broadside,Other Motor Vehicle,No Pedestrian Involved,21453,A,Cloudy,No Unusual Condition,Daylight,Functioning,Driver,64,Male,Proceeding Straight,Cell Phone Not In Use,None Apparent,HNBD,Driver,55,Female,Proceeding Straight,Cell Phone Not In Use,None Apparent,HNBD,Lap/Shoulder Harness Used
201700043558,10/28/2017,01:39,Saturday,STONERIDGE DR,HACIENDA DR,6158060.023,2077221.674,37.69143538,-121.8949686,Property Damage Only,0,0,1,Improper Turning,Misdemeanor,Head-On,Fixed Object,No Pedestrian Involved,22107,,Clear,No Unusual Condition,Dark - Street Lights,Functioning,Driver,15,Male,Traveling Wrong Way,Cell Phone Not In Use,Violation,HNBD,,,,,,,,
201700043594,10/28/2017,11:56,Saturday,DIVISION ST,FAIR ST,6161446.606,2068010.196,37.66619045,-121.882739,Other Visible Injury,1,0,1,Improper Turning,No,Other,Bicycle,No Pedestrian Involved,22107,,Clear,No Unusual Condition,Daylight,No Controls Present / Factor,Driver,20,Male,Other Unsafe Turning,Cell Phone Not In Use,None Apparent,HNBD,Bicyclist,66,Male,Proceeding Straight,Cell Phone Not In Use,None Apparent,HNBD,
201800041444,10/28/2018,19:04,Sunday,KOLL CENTER DR,BERNAL AV,6156700,2064970,37.65774187,-121.8990007,Property Damage Only,0,0,1,Improper Turning,No,Hit Object,Fixed Object,No Pedestrian Involved,22107,,Clear,No Unusual Condition,Dark - Street Lights,Functioning,Driver,24,Male,Making Left Turn,Cell Phone Not In Use,Uninvolved Vehicle,HNBD,,,,,,,,
201000051356,10/29/2010,12:56,Friday,ST MARYS ST,PLEASANTON AV,6162691.009,2066987.916,37.66349812,-121.8783866,Complaint of Pain,1,0,,Unsafe Speed,No,Rear-End,Other Motor Vehicle,No Pedestrian Involved,22350,,Cloudy,No Unusual Condition,Daylight,Functioning,Driver,25,Not Stated,Proceeding Straight,Not Stated,Not Stated,HNBD,Driver,64,Not Stated,Stopped in Road,Not Stated,Not Stated,HNBD,Lap/Shoulder Harness Used
100051384,10/29/2010,15:58,Friday,SANTA RITA RD,LOCKHART LN,6163782.087,2072860.814,37.67965833,-121.874848,Property Damage Only,1,0,,Unsafe Speed,No,Rear-End,Other Motor Vehicle,No Pedestrian Involved,22350,,Clear,No Unusual Condition,Daylight,Functioning,Driver,31,Male,Proceeding Straight,Cell Phone Not In Use,Inattention,HNBD,Driver,31,Female,Stopped In Road,Cell Phone Not In Use,None Apparent,HNBD,Lap/Shoulder Harness Used
201300037924,10/29/2013,08:35,Tuesday,JOHNSON DR,CLOROX WY,6154921.872,2078141.17,37.69381241,-121.9059059,Property Damage Only,0,0,1,Improper Turning,No,Hit Object,Fixed Object,No Pedestrian Involved,22107,,Cloudy,No Unusual Condition,Daylight,No Controls Present / Factor,Driver,32,Male,Ran Off Road,Cell Phone Not In Use,Inattention,HNBD,,,,,,,,
201300037953,10/29/2013,11:39,Tuesday,KOLLN ST,VALLEY AV,6165566.535,2071754.937,37.67662138,-121.8686824,Complaint of Pain,2,0,1,Unsafe Starting or Backing,No,Sideswipe,Other Motor Vehicle,No Pedestrian Involved,22106,,Clear,No Unusual Condition,Daylight,No Controls Present / Factor,Driver,18,Female,Entering Traffic,Cell Phone Not In Use,None Apparent,HNBD,Driver,44,Female,Proceeding Straight,Cell Phone Not In Use,None Apparent,HNBD,Lap/Shoulder Harness Used
201600039952,10/29/2016,00:26,Saturday,BERNAL AV,VINEYARD AV (N),6169198.313,2067325.713,37.66471846,-121.8558448,Property Damage Only,0,0,1,Driving Under Influence,No,Overturned,Fixed Object,No Pedestrian Involved,23152,A,Clear,No Unusual Condition,Dark - Street Lights,Functioning,Driver,17,Male,Ran Off Road,Cell Phone Not In Use,Violation,HBD Under Influence,,,,,,,,
201800041485,10/29/2018,08:29,Monday,BERNAL AV,CASE AV,6161919.944,2064602.737,37.65694794,-121.8810496,Other Visible Injury,1,0,1,Other Hazardous Movement,No,Overturned,Non-Collision,No Pedestrian Involved,22109,,Clear,No Unusual Condition,Daylight,No Controls Present / Factor,Bicyclist,14,Male,Proceeding Straight,Cell Phone Not In Use,None Apparent,HNBD,,,,,,,,
201046938,10/3/2010,17:00,Sunday,DUBLIN CANYON RD,FOOTHILL RD,6146387.912,2078662.384,37.69492643,-121.9353124,Property Damage Only,0,0,,Driving Under Influence,No,Hit Object,Fixed Object,No Pedestrian Involved,23152,,Cloudy,No Unusual Condition,Daylight,None,Driver,49,Not Stated,Proceeding Straight,Not Stated,Not Stated,,,,,,,,,
201100044454,10/3/2011,23:17,Monday,INDEPENDENCE DR,ARLENE PL,6165123.958,2062433.155,37.65110775,-121.8697913,Other Visible Injury,1,0,1,Unsafe Speed,No,Hit Object,Fixed Object,No Pedestrian Involved,22350,,Cloudy,No Unusual Condition,Dark - Street Lights,None,Driver,18,Male,Proceeding Straight,Cell Phone Not In Use,None Apparent,HNBD,,,,,,,,
2012-00037182,10/3/2012,15:13,Wednesday,DENKER DR,STONERIDGE DR,6154064.371,2076876.412,37.69030258,-121.9086301,Property Damage Only,0,0,1,Improper Turning,No,Rear-End,Parked Motor Vehicle,No Pedestrian Involved,22107,,Clear,No Unusual Condition,Daylight,None,Driver,65,Male,Proceeding Straight,Cell Phone Handheld In Use,Violation,HNBD,Parked Vehicle,,Not Stated,Parked,Not Stated,None Apparent,Not Applicable,Not Stated
201300034867,10/3/2013,08:00,Thursday,TREVOR PW,STONERIDGE DR,6168999.826,2077795.002,37.69328829,-121.8570593,Other Visible Injury,1,0,1,Auto R/W Violation,No,Broadside,Bicycle,No Pedestrian Involved,21800,A,Clear,No Unusual Condition,Daylight,Functioning,Driver,43,Female,Proceeding Straight,Cell Phone Not In Use,None Apparent,HNBD,Bicyclist,70,Male,Proceeding Straight,Cell Phone Not In Use,None Apparent,HNBD,M/C Helmet Driver - Yes
201400038716,10/3/2014,08:11,Friday,WILLOW RD,INGLEWOOD DR,6157053,2076294,37.68885962,-121.8983077,Complaint of Pain,1,0,1,Auto R/W Violation,No,Broadside,Other Motor Vehicle,No Pedestrian Involved,21802,A,Clear,No Unusual Condition,Daylight,Functioning,Driver,64,Female,Making Left Turn,Cell Phone Not In Use,None Apparent,HNBD,Driver,43,Male,Making Left Turn,Cell Phone Not In Use,None Apparent,HNBD,Lap/Shoulder Harness Used
201400038750,10/3/2014,12:15,Friday,SUNOL BL,OFF RAMP SB I680 TO SUNOL BL,6160471,2058214,37.63924645,-121.8855914,Other Visible Injury,2,0,1,Auto R/W Violation,No,Head-On,Other Motor Vehicle,No Pedestrian Involved,21802,A,Clear,No Unusual Condition,Daylight,Functioning,Driver,73,Female,Making Left Turn,Cell Phone Not In Use,None Apparent,HNBD,Driver,33,Male,Proceeding Straight,Cell Phone Not In Use,None Apparent,HNBD,Lap/Shoulder Harness Used
201400038768,10/3/2014,14:51,Friday,WILLOW RD,OWENS DR,6157170,2080341,37.69985355,-121.8981361,Complaint of Pain,2,0,1,Traffic Signals and Signs,No,Broadside,Other Motor Vehicle,No Pedestrian Involved,21453,A,Clear,No Unusual Condition,Daylight,Functioning,Driver,24,Male,Proceeding Straight,Cell Phone Not In Use,None Apparent,HNBD,Driver,44,Female,Proceeding Straight,Cell Phone Not In Use,None Apparent,HNBD,Lap/Shoulder Harness Used
201400038813,10/3/2014,22:13,Friday,BOWEN ST,RHEEM DR,6163735.018,2075358.696,37.68654134,-121.8752054,Property Damage Only,0,0,1,Driving Under Influence,No,Broadside,Parked Motor Vehicle,No Pedestrian Involved,23152,A,Clear,No Unusual Condition,Dark - Street Lights,No Controls Present / Factor,Driver,31,Female,Other Unsafe Turning,Cell Phone Not In Use,Violation,HBD Under Influence,Parked Vehicle,,,Parked,Cell Phone Not In Use,None Apparent,Not Applicable,
201500036007,10/3/2015,00:10,Saturday,STONERIDGE DR,STONERIDGE MALL RD,6149852.002,2077148.621,37.69091579,-121.9232855,Property Damage Only,0,0,1,Driving Under Influence,Misdemeanor,Hit Object,Fixed Object,No Pedestrian Involved,23152,A,Clear,No Unusual Condition,Dark - Street Lights,Functioning,Driver,24,Male,Ran Off Road,Cell Phone Not In Use,Violation,HBD Under Influence,,,,,,,,
201700039656,10/3/2017,08:02,Tuesday,STONERIDGE DR,GARDEN CREEK CI,6164949.775,2076121.606,37.68863643,-121.8710075,Complaint of Pain,1,0,1,Auto R/W Violation,No,Broadside,Bicycle,No Pedestrian Involved,21804,A,Clear,No Unusual Condition,Daylight,No Controls Present / Factor,Driver,50,Male,Making Right Turn,Cell Phone Not In Use,Other,HNBD,Bicyclist,44,Male,Proceeding Straight,Cell Phone Not In Use,None Apparent,HNBD,M/C Helmet Driver - Yes
201700039705,10/3/2017,10:38,Tuesday,EL CHARRO RD,OFF RAMP EB I580 TO EL CHARRO RD,6171547.542,2080150.402,37.69997385,-121.8484534,Property Damage Only,0,0,1,Unsafe Speed,No,Rear-End,Other Motor Vehicle,No Pedestrian Involved,22350,,Clear,No Unusual Condition,Daylight,Functioning,Driver,39,Male,Proceeding Straight,Cell Phone Not In Use,None Apparent,HNBD,Driver,52,Male,Proceeding Straight,Cell Phone Not In Use,None Apparent,HNBD,Lap/Shoulder Harness Used
201700039832,10/3/2017,19:30,Tuesday,GIBRALTAR DR,HACIENDA DR (S),6158132,2075645,37.68707734,-121.894579,Other Visible Injury,3,0,1,Traffic Signals and Signs,No,Broadside,Other Motor Vehicle,No Pedestrian Involved,21453,A,Clear,No Unusual Condition,Dark - Street Lights,Functioning,Driver,28,Female,Proceeding Straight,Cell Phone Not In Use,None Apparent,HNBD,Driver,47,Female,Proceeding Straight,Cell Phone Not In Use,None Apparent,HNBD,Lap/Shoulder Harness Used
201800038314,10/3/2018,10:06,Wednesday,SUNOL BL,ON RAMP SB I680 FROM EB SUNOL BL,6160498,2058231,37.63929314,-121.8854982,Complaint of Pain,2,0,1,Auto R/W Violation,No,Head-On,Other Motor Vehicle,No Pedestrian Involved,21801,A,Cloudy,No Unusual Condition,Daylight,Not Functioning,Driver,60,Female,Making Left Turn,Cell Phone Not In Use,None Apparent,HNBD,Driver,31,Female,Proceeding Straight,Cell Phone Not In Use,None Apparent,HNBD,Lap/Shoulder Harness Used
201800038315,10/3/2018,10:10,Wednesday,VALLEY AV,SANTA RITA RD,6164066,2071769,37.67666,-121.873867,Complaint of Pain,1,0,1,Ped R/W Violation,No,Vehicle - Pedestrian,Pedestrian,Crossing In Crosswalk At Intersection,21950,A,Clear,No Unusual Condition,Daylight,Functioning,Driver,17,Female,Making Right Turn,Cell Phone Not In Use,None Apparent,HNBD,Pedestrian,68,Female,Proceeding Straight,Cell Phone Not In Use,None Apparent,HNBD,
201800038395,10/3/2018,20:29,Wednesday,STONERIDGE DR,LAS POSITAS BL,6160907,2076197,37.68884348,-121.8849782,Other Visible Injury,2,0,1,Traffic Signals and Signs,No,Head-On,Other Motor Vehicle,No Pedestrian Involved,21453,A,Cloudy,No Unusual Condition,Not Stated,Functioning,Driver,74,Male,Proceeding Straight,Cell Phone Not In Use,None Apparent,HBD Not Under Influence,Driver,26,Female,Making Left Turn,Cell Phone Not In Use,None Apparent,HNBD,Lap/Shoulder Harness Used
2012-00040780,10/30/2012,15:53,Tuesday,BERNAL AV,KOTTINGER DR,6168236.93,2064261.824,37.65612965,-121.8590388,Property Damage Only,0,0,1,Improper Turning,No,Hit Object,Fixed Object,No Pedestrian Involved,22107,,Clear,No Unusual Condition,Daylight,Functioning,Driver,68,Female,Making Left Turn,Cell Phone Not In Use,None Apparent,HNBD,,,,,,,,
2012-00040787,10/30/2012,16:52,Tuesday,STONERIDGE DR,RHEEM DR,6163570,2075925,37.68809652,-121.8757756,Complaint of Pain,2,0,1,Auto R/W Violation,No,Head-On,Other Motor Vehicle,No Pedestrian Involved,21801,A,Clear,No Unusual Condition,Daylight,Functioning,Driver,54,Male,Making Left Turn,Cell Phone Not In Use,None Apparent,HNBD,Driver,39,Female,Proceeding Straight,Cell Phone Not In Use,None Apparent,HNBD,Lap/Shoulder Harness Used
201400042203,10/30/2014,17:58,Thursday,TOURIGA DR,ARAK CT,6170003.197,2063931.18,37.65540808,-121.8528987,Property Damage Only,0,0,1,Driving Under Influence,No,Sideswipe,Parked Motor Vehicle,No Pedestrian Involved,23152,A,Clear,No Unusual Condition,Daylight,No Controls Present / Factor,Driver,30,Male,Proceeding Straight,Cell Phone Not In Use,Violation,Under Drug Influence,Parked Vehicle,,,Parked,Cell Phone Not In Use,None Apparent,Not Applicable,
201500039139,10/30/2015,16:38,Friday,FOOTHILL RD,DUBLIN CANYON RD,6146843,2078637,37.69485672,-121.9337396,Complaint of Pain,1,0,1,Improper Passing,Misdemeanor,Sideswipe,Other Motor Vehicle,No Pedestrian Involved,21750,,Clear,No Unusual Condition,Daylight,Functioning,Driver,,,Passing Other Vehicle,Cell Phone Not In Use,None Apparent,Impairment Not Known,Driver,36,Male,Stopped In Road,Cell Phone Not In Use,None Apparent,HNBD,Lap/Shoulder Harness Used
201500039148,10/30/2015,18:00,Friday,BERNAL AV,UTAH ST,6168710.692,2068984.041,37.66916022,-121.8577746,Complaint of Pain,1,0,1,Driving Under Influence,No,Broadside,Other Motor Vehicle,No Pedestrian Involved,23152,A,Clear,No Unusual Condition,Dusk - Dawn,Functioning,Driver,39,Male,Proceeding Straight,Cell Phone Not In Use,Violation,HBD Under Influence,Driver,50,Female,Entering Traffic,Cell Phone Not In Use,None Apparent,HNBD,Lap/Shoulder Harness Used
20160000140,10/30/2016,13:44,Sunday,BERNAL AV,TAWNY DR,6168961,2066658,37.66288479,-121.8566645,Complaint of Pain,2,0,1,Auto R/W Violation,No,Broadside,Other Motor Vehicle,No Pedestrian Involved,21801,A,Cloudy,No Unusual Condition,Daylight,Functioning,Driver,16,Male,Making Left Turn,Cell Phone Not In Use,None Apparent,HNBD,Driver,54,Male,Proceeding Straight,Cell Phone Not In Use,None Apparent,HNBD,Lap/Shoulder Harness Used
201800041602,10/30/2018,09:05,Tuesday,BERNAL AV,CLINTON PL,6167812.677,2063544.653,37.65416015,-121.8605044,Other Visible Injury,1,0,1,Auto R/W Violation,No,Broadside,Other Motor Vehicle,No Pedestrian Involved,21804,A,Clear,No Unusual Condition,Not Stated,No Controls Present / Factor,Driver,88,Female,Making Left Turn,Cell Phone Not In Use,None Apparent,HNBD,Driver,24,Female,Proceeding Straight,Cell Phone Not In Use,None Apparent,HNBD,Lap/Shoulder Harness Used
201000051652,10/31/2010,04:47,Sunday,HOPYARD RD,LAS POSITAS BL,6155402.173,2073614.057,37.68134354,-121.9040073,Property Damage Only,0,0,,Improper Turning,No,Hit Object,Fixed Object,No Pedestrian Involved,22107,,Clear,No Unusual Condition,Dark - Street Lights,None,Driver,55,Not Stated,Ran Off Road,Not Stated,Not Stated,HNBD,,,,,,,,
201000051730,10/31/2010,20:32,Sunday,BERNAL AV,ON RAMP NB I680 FROM BERNAL AVE,6156268.62,2064763.84,37.65717572,-121.9004908,Complaint of Pain,1,0,,Unsafe Speed,No,Rear-End,Other Motor Vehicle,No Pedestrian Involved,22350,,Clear,No Unusual Condition,Dark - Street Lights,Functioning,Driver,18,Not Stated,Proceeding Straight,Not Stated,Not Stated,HNBD,Driver,50,Not Stated,Proceeding Straight,Not Stated,Not Stated,HNBD,Lap/Shoulder Harness Used
201100048624,10/31/2011,12:57,Monday,GIBRALTAR DR,CHABOT DR,6156264,2078894,37.69587982,-121.9012675,Complaint of Pain,0,0,1,Traffic Signals and Signs,No,Broadside,Other Motor Vehicle,No Pedestrian Involved,21453,A,Clear,No Unusual Condition,Daylight,Functioning,Driver,32,Female,Proceeding Straight,Cell Phone Not In Use,None Apparent,HNBD,Driver,29,Female,Proceeding Straight,Cell Phone Not In Use,None Apparent,HNBD,Lap/Shoulder Harness Used
201100048686,10/31/2011,18:15,Monday,HALF DOME DR,GRAPEVINE DR (S),6171111.63,2067725.975,37.66587471,-121.8493592,Property Damage Only,0,0,1,Unsafe Starting or Backing,No,Rear-End,Parked Motor Vehicle,No Pedestrian Involved,22106,,Clear,No Unusual Condition,Dusk - Dawn,None,Driver,40,Female,Backing,Cell Phone Not In Use,None Apparent,HNBD,Parked Vehicle,,Not Stated,Parked,Not Stated,Not Stated,Not Applicable,Not Stated
2012-00040920,10/31/2012,18:46,Wednesday,FOOTHILL RD,CANYON WY,6146843,2078637,37.69485672,-121.9337396,Complaint of Pain,3,0,1,Traffic Signals and Signs,No,Broadside,Other Motor Vehicle,No Pedestrian Involved,21453,A,Cloudy,No Unusual Condition,Dark - Street Lights,Functioning,Driver,39,Male,Proceeding Straight,Cell Phone Not In Use,None Apparent,HNBD,Driver,44,Male,Making Left Turn,Cell Phone Not In Use,None Apparent,HNBD,Lap/Shoulder Harness Used
201300038198,10/31/2013,14:44,Thursday,LAS POSITAS BL,CORONADO LN,6156203,2074011,37.68243362,-121.9012401,Property Damage Only,0,0,1,Auto R/W Violation,No,Broadside,Other Motor Vehicle,No Pedestrian Involved,21804,A,Clear,No Unusual Condition,Daylight,No Controls Present / Factor,Driver,33,Male,Proceeding Straight,Cell Phone Not In Use,None Apparent,HNBD,Driver,66,Male,Proceeding Straight,Cell Phone Not In Use,None Apparent,HNBD,Lap/Shoulder Harness Used
201400042248,10/31/2014,11:30,Friday,STONERIDGE MALL RD,MCWILLIAMS LN,6149764,2077775,37.69263594,-121.9235897,Complaint of Pain,2,0,1,Traffic Signals and Signs,No,Broadside,Other Motor Vehicle,No Pedestrian Involved,21453,A,Raining,No Unusual Condition,Daylight,Functioning,Driver,35,Male,Proceeding Straight,Cell Phone Not In Use,None Apparent,HNBD,Driver,38,Male,Making Left Turn,Cell Phone Not In Use,None Apparent,HNBD,Lap/Shoulder Harness Used
201400044134,10/31/2014,16:04,Friday,STONERIDGE MALL RD,MCWILLIAMS LN,6149764,2077775,37.69263594,-121.9235897,Property Damage Only,0,0,1,Unsafe Lane Change,No,Sideswipe,Other Motor Vehicle,No Pedestrian Involved,21658,A,Clear,No Unusual Condition,Not Stated,Functioning,Driver,28,Male,Changing Lanes,Cell Phone Not In Use,None Apparent,Impairment Not Known,Driver,39,Female,Proceeding Straight,Cell Phone Not In Use,None Apparent,Impairment Not Known,Lap/Shoulder Harness Used
201500039209,10/31/2015,09:10,Saturday,ANGELA ST,SECOND ST,6163958,2065084,37.65826959,-121.8740097,Other Visible Injury,1,0,1,Ped R/W Violation,No,Vehicle - Pedestrian,Pedestrian,Crossing In Crosswalk At Intersection,21950,A,Clear,No Unusual Condition,Daylight,No Controls Present / Factor,Driver,56,Male,Making Left Turn,Cell Phone Not In Use,Vision Obscurements,HNBD,Pedestrian,61,Male,Proceeding Straight,Cell Phone Not In Use,None Apparent,HNBD,
201500039212,10/31/2015,09:44,Saturday,MORGANFIELD RD,KOLLN ST,6164625.459,2072763.955,37.67939233,-121.8719339,Property Damage Only,0,0,1,Improper Turning,No,Hit Object,Fixed Object,No Pedestrian Involved,22107,,Clear,No Unusual Condition,Daylight,No Controls Present / Factor,Driver,43,Female,Proceeding Straight,Cell Phone Handheld In Use,None Apparent,HNBD,,,,,,,,
201500039219,10/31/2015,12:32,Saturday,HOPYARD RD,PARKSIDE DR,6156629.386,2072202.985,37.6775498,-121.8995627,Complaint of Pain,2,0,1,Unsafe Starting or Backing,No,Rear-End,Other Motor Vehicle,No Pedestrian Involved,22106,,Clear,No Unusual Condition,Daylight,Functioning,Driver,38,Female,Proceeding Straight,Cell Phone Not In Use,None Apparent,HNBD,Driver,59,Male,Stopped In Road,Cell Phone Not In Use,None Apparent,HNBD,Lap/Shoulder Harness Used
201700043960,10/31/2017,06:51,Tuesday,SUNOL BL,ON RAMP SB I680 FROM EB SUNOL BL,6160498,2058231,37.63929314,-121.8854982,Complaint of Pain,1,0,1,Auto R/W Violation,No,Broadside,Other Motor Vehicle,No Pedestrian Involved,21801,A,Clear,No Unusual Condition,Daylight,No Controls Present / Factor,Driver,63,Male,Making Left Turn,Cell Phone Not In Use,None Apparent,HNBD,Driver,41,Male,Proceeding Straight,Cell Phone Not In Use,None Apparent,HNBD,Lap/Shoulder Harness Used
201700044079,10/31/2017,17:20,Tuesday,STONERIDGE DR,HOPYARD RD,6155341.021,2077292.918,37.69148296,-121.9044573,Complaint of Pain,1,0,1,Improper Turning,No,Hit Object,Fixed Object,No Pedestrian Involved,22107,,Clear,No Unusual Condition,Daylight,Functioning,Driver,55,Male,Proceeding Straight,Cell Phone Not In Use,None Apparent,HNBD,,,,,,,,
201000047003,10/4/2010,07:50,Monday,RAY ST,MAIN ST,6163991.009,2067128.169,37.66388328,-121.8738957,Property Damage Only,0,0,,Auto R/W Violation,No,Broadside,Other Motor Vehicle,No Pedestrian Involved,21804,,Cloudy,No Unusual Condition,Daylight,None,Driver,72,Not Stated,Entering Traffic,Not Stated,Not Stated,HNBD,Driver,41,Not Stated,Proceeding Straight,Not Stated,Not Stated,HNBD,Not Stated
201000047007,10/4/2010,08:12,Monday,FOOTHILL RD,MUIRWOOD DR (S),6150881,2069270,37.66928966,-121.9193315,Other Visible Injury,1,0,,Auto R/W Violation,No,Broadside,Bicycle,No Pedestrian Involved,21802,,Cloudy,No Unusual Condition,Daylight,None,Driver,39,Female,Making Left Turn,Not Stated,Not Stated,HNBD,Bicyclist,15,Male,Proceeding Straight,Not Stated,Not Stated,HNBD,M/C Helmet Driver - No
2012-00037273,10/4/2012,07:57,Thursday,VINEYARD AV,TOURIGA DR,6170391.987,2067378.117,37.66491942,-121.8518453,Property Damage Only,0,0,1,Unsafe Speed,No,Rear-End,Other Motor Vehicle,No Pedestrian Involved,22350,,Clear,No Unusual Condition,Daylight,None,Driver,16,Female,Proceeding Straight,Cell Phone Not In Use,None Apparent,HNBD,Driver,16,Male,Slowing/Stopping,Cell Phone Not In Use,None Apparent,HNBD,Lap/Shoulder Harness Used
2012-00037282,10/4/2012,08:25,Thursday,VINEYARD AV,TOURIGA DR,6170407.985,2067377.892,37.66491881,-121.85179,Property Damage Only,0,0,1,Unsafe Speed,No,Rear-End,Other Motor Vehicle,No Pedestrian Involved,22350,,Clear,No Unusual Condition,Daylight,None,Driver,53,Male,Proceeding Straight,Cell Phone Not In Use,None Apparent,HNBD,Driver,25,Female,Stopped in Road,Cell Phone Not In Use,None Apparent,HNBD,Lap/Shoulder Harness Used
201300035043,10/4/2013,14:14,Friday,SANTA RITA RD,SUTTER GATE AV,6163306.789,2074691.361,37.68470872,-121.8766853,Complaint of Pain,1,0,1,Improper Turning,No,Hit Object,Fixed Object,No Pedestrian Involved,22107,,Clear,No Unusual Condition,Daylight,No Controls Present / Factor,Driver,47,Male,Making Left Turn,Cell Phone Not In Use,Violation,HNBD,,,,,,,,
201500036144,10/4/2015,10:29,Sunday,VALLEY AV,SANTA RITA RD,6162746.192,2071791.186,37.67672093,-121.8784271,Other Visible Injury,1,0,1,Auto R/W Violation,No,Broadside,Bicycle,No Pedestrian Involved,21804,A,Clear,Not Stated,Daylight,Functioning,Driver,32,Female,Proceeding Straight,Cell Phone Not In Use,None Apparent,HNBD,Bicyclist,47,Female,Proceeding Straight,Cell Phone Not In Use,None Apparent,HNBD,M/C Helmet Driver - No
201600036726,10/4/2016,08:14,Tuesday,SUNOL BL,ON RAMP SB I680 FROM EB SUNOL BL,6160498,2058231,37.63929314,-121.8854982,Other Visible Injury,1,0,1,Auto R/W Violation,No,Broadside,Other Motor Vehicle,No Pedestrian Involved,21801,A,Clear,No Unusual Condition,Daylight,No Controls Present / Factor,Driver,33,Female,Making Left Turn,Cell Phone Not In Use,None Apparent,HNBD,Driver,54,Male,Proceeding Straight,Cell Phone Not In Use,None Apparent,HNBD,Lap/Shoulder Harness Used
201700040032,10/4/2017,21:36,Wednesday,INGLEWOOD DR,WILLOW RD,6156983.752,2076283.767,37.68883151,-121.898547,Property Damage Only,0,0,1,Improper Turning,No,Hit Object,Fixed Object,No Pedestrian Involved,22107,,Clear,No Unusual Condition,Dark - Street Lights,No Controls Present / Factor,Driver,30,Male,Ran Off Road,Cell Phone Handheld In Use,Violation,HBD Not Under Influence,,,,,,,,
201800038422,10/4/2018,06:35,Thursday,STONERIDGE DR,LAS POSITAS BL,6160895.273,2076207.884,37.68887337,-121.8850187,Other Visible Injury,1,0,1,Traffic Signals and Signs,No,Vehicle - Pedestrian,Pedestrian,Crossing In Crosswalk At Intersection,21453,A,Clear,No Unusual Condition,Dark - Street Lights,Functioning,Driver,57,Male,Making Right Turn,Cell Phone Not In Use,None Apparent,HNBD,Pedestrian,46,Male,Proceeding Straight,Cell Phone Not In Use,None Apparent,HNBD,
201800038532,10/4/2018,20:20,Thursday,ANGELA ST,BONITA AV,6166925.354,2063578.255,37.65425243,-121.8635693,Complaint of Pain,1,0,1,Improper Turning,No,Rear-End,Parked Motor Vehicle,No Pedestrian Involved,22107,,Clear,No Unusual Condition,Dark - Street Lights,Functioning,Driver,80,Male,Other Unsafe Turning,Cell Phone Not In Use,None Apparent,HNBD,Parked Vehicle,,,Parked,Not Stated,None Apparent,Not Applicable,
201000047218,10/5/2010,12:37,Tuesday,SANTA RITA RD,PIMLICO DR,6164717.34,2080487.713,37.70070999,-121.8720857,Property Damage Only,0,0,,Unsafe Speed,No,Rear-End,Other Motor Vehicle,No Pedestrian Involved,22350,,Clear,No Unusual Condition,Daylight,Functioning,Driver,,Not Stated,Slowing/Stopping,Not Stated,Not Stated,Impairment Not Known,Driver,26,Not Stated,Stopped in Road,Not Stated,Not Stated,HNBD,Lap/Shoulder Harness Used
20110044688,10/5/2011,16:18,Wednesday,LAS POSITAS BL,FOOTHILL RD,6150481.684,2071616.764,37.67574359,-121.9208198,Property Damage Only,0,0,1,Unsafe Starting or Backing,No,Other,Other Object,No Pedestrian Involved,22106,,Raining,No Unusual Condition,Daylight,None,Driver,17,Male,Making Right Turn,Cell Phone Not In Use,None Apparent,HNBD,,,,,,,,
201100044693,10/5/2011,17:20,Wednesday,VALLEY AV,KOLL CENTER PW (N),6157213.046,2066875.362,37.66297438,-121.8972286,Property Damage Only,0,0,1,Other Than Driver,No,Head-On,Fixed Object,No Pedestrian Involved,,,Raining,No Unusual Condition,Daylight,Functioning,Driver,41,Male,Making Left Turn,Cell Phone Not In Use,None Apparent,HBD Under Influence,,,,,,,,
201300035177,10/5/2013,15:00,Saturday,FOOTHILL RD,DEODAR WY,6147099.559,2078033.814,37.69320026,-121.9328529,Property Damage Only,0,0,1,Driving Under Influence,No,Rear-End,Other Motor Vehicle,No Pedestrian Involved,23152,A,Clear,No Unusual Condition,Daylight,Functioning,Driver,60,Female,Proceeding Straight,Cell Phone Not In Use,Violation,Under Drug Influence,Driver,41,Male,Stopped In Road,Cell Phone Not In Use,,HNBD,Lap/Shoulder Harness Used