Report Number,Date,Time,Collision Day of Week,Primary Road,Secondary Road,X,Y,Latitude,Longitude,Highest Degree of Injury,Number Injured,Number Killed,Party at Fault,Primary Collision Factor,Hit and Run,Collision Type,Involved With,Pedestrian Action,Violation,Violation Subsection,Weather,Road Condition1,Lighting,Right of Way Controls,Party Type 1,Party Age 1,Party Sex 1,Movement Preceding Collision 1,special information 1,Associated Cause - Factor 1 1,Party Sobriety 1 1,Party Type 2,Party Age 2,Party Sex 2,Movement Preceding Collision 2,special information 2,Associated Cause - Factor 1 2,Party Sobriety 1 2,Safety Equipment 2
201300043388,12/12/2013,13:19,Thursday,STONERIDGE MALL RD,WORKDAY WY,6149531,2078314,37.6939697,-121.92445,Property Damage Only,0,0,1,Traffic Signals and Signs,No,Broadside,Other Motor Vehicle,No Pedestrian Involved,21453,A,Clear,No Unusual Condition,Daylight,Functioning,Driver,40,Female,Making Right Turn,Cell Phone Not In Use,None Apparent,HNBD,Driver,22,Male,Proceeding Straight,Cell Phone Not In Use,None Apparent,HNBD,Lap/Shoulder Harness Used
201300043408,12/12/2013,15:23,Thursday,BERNAL AV,ON RAMP SB I680 FROM BERNAL AVE,6155500.488,2064416.716,37.65622245,-121.903144,Complaint of Pain,1,0,1,Unsafe Speed,No,Rear-End,Other Motor Vehicle,No Pedestrian Involved,22350,,Clear,No Unusual Condition,Daylight,Functioning,Driver,18,Male,Slowing/Stopping,Cell Phone Not In Use,None Apparent,HNBD,Driver,50,Female,Proceeding Straight,Cell Phone Not In Use,None Apparent,HNBD,Lap/Shoulder Harness Used
201400047091,12/12/2014,06:51,Friday,FOOTHILL RD,LAUREL CREEK WY,6147497,2077099,37.69063309,-121.9314794,Complaint of Pain,1,0,,Traffic Signals and Signs,No,Broadside,Other Motor Vehicle,No Pedestrian Involved,21453,A,Cloudy,No Unusual Condition,Dark - Street Lights,Functioning,Driver,26,Male,Making Left Turn,Cell Phone Not In Use,None Apparent,HNBD,Driver,65,Female,Proceeding Straight,Cell Phone Not In Use,None Apparent,HNBD,Lap/Shoulder Harness Used
201400047177,12/12/2014,17:38,Friday,SANTA RITA RD,VALLEY AV,6163971.66,2072131.939,37.6776567,-121.874193,Complaint of Pain,1,0,1,Unsafe Speed,No,Rear-End,Other Motor Vehicle,No Pedestrian Involved,22350,,Cloudy,No Unusual Condition,Dark - Street Lights,Functioning,Driver,22,Male,Proceeding Straight,Cell Phone Not In Use,Inattention,HNBD,Driver,36,Female,Proceeding Straight,Cell Phone Not In Use,None Apparent,HNBD,Lap/Shoulder Harness Used
201500044069,12/12/2015,11:37,Saturday,STANLEY BL,VALLEY AV,6168645,2069401,37.67030527,-121.8580016,Property Damage Only,0,0,1,Traffic Signals and Signs,No,Broadside,Other Motor Vehicle,No Pedestrian Involved,21453,A,Clear,No Unusual Condition,Daylight,Functioning,Driver,37,Female,Proceeding Straight,Cell Phone Not In Use,Inattention,HNBD,Driver,67,Male,Proceeding Straight,Cell Phone Not In Use,None Apparent,HNBD,Lap/Shoulder Harness Used
201500044127,12/12/2015,20:39,Saturday,STONERIDGE DR,OFF RAMP NB I680 TO STONERIDGE DR,6151802,2076934,37.6903264,-121.9165467,Complaint of Pain,1,0,1,Traffic Signals and Signs,No,Broadside,Other Motor Vehicle,No Pedestrian Involved,21453,A,Clear,No Unusual Condition,Dark - Street Lights,Functioning,Driver,17,Male,Proceeding Straight,Cell Phone Not In Use,None Apparent,HNBD,Driver,29,Male,Proceeding Straight,Cell Phone Not In Use,None Apparent,HNBD,Lap/Shoulder Harness Used
201700050753,12/12/2017,15:33,Tuesday,HANSEN DR,VALLEY AV,6156777.282,2069344.894,37.66970094,-121.8990516,Property Damage Only,0,0,1,Auto R/W Violation,No,Broadside,Bicycle,No Pedestrian Involved,21804,A,Clear,No Unusual Condition,Daylight,Functioning,Bicyclist,56,Female,Entering Traffic,Cell Phone Not In Use,None Apparent,HNBD,Driver,41,Female,Proceeding Straight,Cell Phone Not In Use,None Apparent,HNBD,Lap/Shoulder Harness Used
201700050810,12/12/2017,19:23,Tuesday,HOPYARD RD,LAS POSITAS BL,6155433.628,2073411.959,37.68078854,-121.9038986,Property Damage Only,0,0,,Unknown,No,Broadside,Other Motor Vehicle,No Pedestrian Involved,,,Clear,No Unusual Condition,Dark - Street Lights,Functioning,Driver,52,Female,Proceeding Straight,Cell Phone Not In Use,None Apparent,HNBD,Driver,43,Male,Proceeding Straight,Cell Phone Not In Use,None Apparent,HNBD,Shoulder Harness Used
201700050817,12/12/2017,19:59,Tuesday,JOHNSON DR,STONERIDGE DR,6152230.558,2077333.915,37.69142464,-121.9150657,Property Damage Only,0,0,1,Unsafe Speed,No,Hit Object,Fixed Object,No Pedestrian Involved,22350,,Clear,No Unusual Condition,Dark - Street Lights,No Controls Present / Factor,Driver,44,Male,Ran Off Road,Cell Phone Not In Use,None Apparent,HNBD,,,,,,,,
201800046796,12/12/2018,13:27,Wednesday,ARBOR DR,BORDEAUX ST,6170674.383,2064528.553,37.6570369,-121.8507457,Complaint of Pain,1,0,1,Unsafe Speed,No,Rear-End,Parked Motor Vehicle,No Pedestrian Involved,22350,,Clear,No Unusual Condition,Daylight,No Controls Present / Factor,Bicyclist,15,Female,Proceeding Straight,Cell Phone Handheld In Use,Inattention,HNBD,Parked Vehicle,,,Parked,Cell Phone Not In Use,None Apparent,Not Applicable,
201000058920,12/13/2010,12:41,Monday,VALLEY AV,BLACKBIRD DR,6158417,2071864,37.67661889,-121.8933862,Property Damage Only,0,0,,Improper Turning,No,Broadside,Other Motor Vehicle,No Pedestrian Involved,21717,,Cloudy,No Unusual Condition,Daylight,Functioning,Driver,52,Not Stated,Proceeding Straight,Not Stated,Not Stated,HNBD,Driver,58,Not Stated,Making Left Turn,Not Stated,Not Stated,HNBD,Lap/Shoulder Harness Used
201000058926,12/13/2010,13:20,Monday,RAY ST,FIRST ST,6165149.011,2066828.52,37.66306038,-121.8698954,Complaint of Pain,1,0,1,Ped R/W Violation,Felony,Vehicle - Pedestrian,Pedestrian,Crossing In Crosswalk at Intersection,21950,A,Cloudy,No Unusual Condition,Daylight,Functioning,Driver,,Not Stated,Making Right Turn,Not Stated,Not Stated,Impairment Not Known,Pedestrian,20,Not Stated,Not Stated,Not Stated,Not Stated,HNBD,Not Stated
201000058937,12/13/2010,14:20,Monday,STONERIDGE DR,WILLOW RD,6156985.035,2077251.576,37.69136943,-121.8987759,Complaint of Pain,1,0,,Unsafe Speed,No,Rear-End,Other Motor Vehicle,No Pedestrian Involved,22350,,Cloudy,No Unusual Condition,Daylight,Functioning,Driver,60,Not Stated,Proceeding Straight,Not Stated,Not Stated,HNBD,Driver,53,Not Stated,Stopped in Road,Not Stated,Not Stated,HNBD,Lap/Shoulder Harness Used
201154789,12/13/2011,10:59,Tuesday,HOPYARD RD,BLACK AV (N),6159258,2070066,37.67183609,-121.8903001,Property Damage Only,0,0,1,Traffic Signals and Signs,No,Broadside,Other Motor Vehicle,No Pedestrian Involved,21453,A,Clear,No Unusual Condition,Daylight,Functioning,Driver,44,Female,Proceeding Straight,Cell Phone Not In Use,Inattention,HNBD,Driver,39,Female,Proceeding Straight,Cell Phone Not In Use,None Apparent,HNBD,Lap/Shoulder Harness Used
201154871,12/13/2011,15:15,Tuesday,SANTA RITA RD,GRAHAM ST,6164367.748,2069327.848,37.66990356,-121.8727972,Complaint of Pain,1,0,1,Unsafe Speed,No,Rear-End,Other Motor Vehicle,No Pedestrian Involved,22350,,Clear,No Unusual Condition,Daylight,None,Driver,21,Male,Proceeding Straight,Cell Phone Not In Use,Inattention,HNBD,Driver,32,Female,Stopped in Road,Cell Phone Not In Use,Stop and Go Traffic,HNBD,Lap/Shoulder Harness Used
2012-00046094,12/13/2012,12:34,Thursday,HACIENDA DR,OFF RAMP WB I580 TO HACIENDA DR,6160112.657,2080938.188,37.70178186,-121.8879859,Complaint of Pain,1,0,1,Unsafe Speed,No,Rear-End,Other Motor Vehicle,No Pedestrian Involved,22350,,Clear,No Unusual Condition,Daylight,None,Driver,24,Male,Proceeding Straight,Cell Phone Not In Use,None Apparent,HNBD,Driver,64,Female,Stopped In Road,Cell Phone Not In Use,None Apparent,HNBD,Lap/Shoulder Harness Used
201300043530,12/13/2013,14:34,Friday,SUNOL BL,BERNAL AV,6162851.682,2064310.102,37.65614431,-121.8778311,Complaint of Pain,1,0,1,Unsafe Speed,No,Rear-End,Other Motor Vehicle,No Pedestrian Involved,22350,,Clear,No Unusual Condition,Daylight,Functioning,Driver,78,Female,Making Right Turn,Cell Phone Not In Use,None Apparent,HNBD,Driver,39,Male,Stopped In Road,Cell Phone Not In Use,None Apparent,HNBD,Lap/Shoulder Harness Used
201400047294,12/13/2014,18:32,Saturday,FOOTHILL RD,ON RAMP WB I580 FROM NB FOOTHILL RD,6146479.006,2080035.421,37.69869704,-121.9349977,Complaint of Pain,1,0,1,Unsafe Speed,Felony,Rear-End,Other Motor Vehicle,No Pedestrian Involved,22350,,Cloudy,No Unusual Condition,Dark - Street Lights,Functioning,Driver,,,Proceeding Straight,,None Apparent,Impairment Not Known,Driver,54,Female,Stopped In Road,Cell Phone Not In Use,None Apparent,HNBD,Lap Belt Used
201600045657,12/13/2016,17:48,Tuesday,OWENS DR,HOPYARD RD,6155589.306,2080046.806,37.69904564,-121.9035993,Complaint of Pain,1,0,1,Unsafe Speed,No,Rear-End,Other Motor Vehicle,No Pedestrian Involved,22350,,Raining,No Unusual Condition,Dark - Street Lights,Functioning,Driver,42,Female,Proceeding Straight,Cell Phone Not In Use,None Apparent,HNBD,Driver,42,Male,Stopped In Road,Cell Phone Not In Use,None Apparent,HNBD,Lap/Shoulder Harness Used
201800046898,12/13/2018,07:00,Thursday,STONERIDGE DR,OFF RAMP SB I680 TO STONERIDGE DR,6150684,2077057,37.69066418,-121.9204103,Property Damage Only,0,0,1,Traffic Signals and Signs,No,Broadside,Other Motor Vehicle,No Pedestrian Involved,21453,A,Clear,No Unusual Condition,Daylight,Functioning,Driver,57,Female,Proceeding Straight,Cell Phone Not In Use,None Apparent,HNBD,Driver,28,Female,Making Left Turn,Cell Phone Not In Use,None Apparent,HNBD,Lap/Shoulder Harness Used
201800046978,12/13/2018,17:54,Thursday,SANTA RITA RD,MOHR AV,6163641.091,2073403.092,37.68114753,-121.8753352,Property Damage Only,0,0,1,Unsafe Speed,Misdemeanor,Rear-End,Other Motor Vehicle,No Pedestrian Involved,22350,,Clear,No Unusual Condition,Dark - Street Lights,Functioning,Driver,,,Proceeding Straight,Not Stated,Stop and Go Traffic,Impairment Not Known,Driver,65,Female,Stopped In Road,Cell Phone Not In Use,None Apparent,HNBD,Lap/Shoulder Harness Used
201059091,12/14/2010,17:03,Tuesday,VALLEY AV,KOLL CENTER PW (N),6157215.858,2066863.696,37.66294234,-121.8972189,Complaint of Pain,0,0,,Driving Under Influence,Felony,Broadside,Other Motor Vehicle,No Pedestrian Involved,23152,,Raining,No Unusual Condition,Dark - Street Lights,Functioning,Driver,52,Not Stated,Making Left Turn,Not Stated,Not Stated,HBD Under Influence,Driver,23,Not Stated,Slowing/Stopping,Not Stated,Not Stated,HNBD,Lap/Shoulder Harness Used
201000059096,12/14/2010,17:29,Tuesday,HOPYARD RD,CLOROX WY,6155572,2078285,37.6942074,-121.9036591,Property Damage Only,2,0,,Following Too Closely,No,Rear-End,Other Motor Vehicle,No Pedestrian Involved,21703,,Raining,No Unusual Condition,Dark - Street Lights,Functioning,Driver,16,Female,Proceeding Straight,Cell Phone Not In Use,Violation,HNBD,Driver,23,Not Stated,Stopped in Road,Not Stated,Not Stated,HNBD,Lap/Shoulder Harness Used
201000059098,12/14/2010,18:00,Tuesday,SPRINGDALE AV,STONERIDGE DR,6149145.549,2077374.959,37.69139092,-121.9257823,Complaint of Pain,4,0,,Other Hazardous Movement,No,Broadside,Other Motor Vehicle,No Pedestrian Involved,21461,,Raining,No Unusual Condition,Dark - Street Lights,Functioning,Driver,63,Not Stated,Proceeding Straight,Not Stated,Not Stated,HNBD,Driver,27,Not Stated,Proceeding Straight,Not Stated,Not Stated,HNBD,Lap/Shoulder Harness Used
201000059100,12/14/2010,18:20,Tuesday,VALLEY AV,QUARRY LN,6166461,2071543,37.67618761,-121.8655474,Property Damage Only,0,0,,Improper Turning,No,Hit Object,Fixed Object,No Pedestrian Involved,22107,,Raining,No Unusual Condition,Dark - Street Lights,Functioning,Driver,45,Not Stated,Making Right Turn,Not Stated,Not Stated,HNBD,,,,,,,,
201000059107,12/14/2010,18:25,Tuesday,STONERIDGE MALL RD,SPRINGDALE AV,6148978.411,2077931.526,37.69291936,-121.9263598,Property Damage Only,0,0,,Improper Turning,No,Sideswipe,Other Motor Vehicle,No Pedestrian Involved,22107,,Cloudy,No Unusual Condition,Dark - Street Lights,None,Driver,30,Not Stated,Making Right Turn,Not Stated,Not Stated,Impairment Not Known,Driver,29,Not Stated,Proceeding Straight,Not Stated,Not Stated,HNBD,Lap/Shoulder Harness Used
201100055091,12/14/2011,15:15,Wednesday,DEL VALLE PW,MAIN ST,6163965.23,2067682.21,37.66540479,-121.8739848,Complaint of Pain,1,0,1,Following Too Closely,No,Rear-End,Other Motor Vehicle,No Pedestrian Involved,21703,,Clear,No Unusual Condition,Daylight,Functioning,Driver,21,Female,Slowing/Stopping,Cell Phone Not In Use,None Apparent,Impairment Not Known,Driver,17,Male,Stopped In Road,Cell Phone Not In Use,None Apparent,Impairment Not Known,Lap/Shoulder Harness Used
2012-00046173,12/14/2012,00:35,Friday,PIEMONTE DR,SPUMANTE PL,6180646,2060373,37.64597789,-121.8160655,Property Damage Only,0,0,1,Driving Under Influence,No,Hit Object,Fixed Object,No Pedestrian Involved,23152,A,Clear,No Unusual Condition,Dark - Street Lights,None,Driver,21,Male,Other Unsafe Turning,Cell Phone Not In Use,Violation,HBD Under Influence,,,,,,,,
2012-00046240,12/14/2012,16:54,Friday,SANTA RITA RD,MORGANFIELD RD,6163860.396,2072559.991,37.67883221,-121.8745774,Property Damage Only,0,0,1,Unsafe Speed,No,Rear-End,Other Motor Vehicle,No Pedestrian Involved,22350,,Clear,No Unusual Condition,Dark - Street Lights,Functioning,Driver,24,Male,Proceeding Straight,Cell Phone Not In Use,None Apparent,HNBD,Driver,39,Female,Proceeding Straight,Cell Phone Not In Use,None Apparent,HNBD,Lap/Shoulder Harness Used
2012-00046303,12/14/2012,20:49,Friday,VALLEY AV,SANTA RITA RD,6164066,2071769,37.67666,-121.873867,Other Visible Injury,1,0,1,Driving Under Influence,No,Hit Object,Fixed Object,No Pedestrian Involved,23152,A,Clear,No Unusual Condition,Dark - Street Lights,Functioning,Driver,33,Female,Making Left Turn,Cell Phone Not In Use,Violation,HBD Under Influence,,,,,,,,
201400047398,12/14/2014,17:21,Sunday,SANTA RITA RD,LAS POSITAS BL,6162819,2077378,37.69208672,-121.8783709,Property Damage Only,0,0,1,Auto R/W Violation,No,Head-On,Other Motor Vehicle,No Pedestrian Involved,21453,C,Clear,No Unusual Condition,Dark - Street Lights,Functioning,Driver,51,Female,Making Left Turn,Cell Phone Not In Use,None Apparent,HNBD,Driver,34,Female,Proceeding Straight,Cell Phone Not In Use,None Apparent,HNBD,Lap/Shoulder Harness Used
201500044307,12/14/2015,11:50,Monday,RHEEM DR,BOWEN ST,6163668.239,2075348.061,37.68651214,-121.8754362,Other Visible Injury,1,0,1,Improper Turning,No,Rear-End,Other Motor Vehicle,No Pedestrian Involved,22107,,Clear,No Unusual Condition,Not Stated,No Controls Present / Factor,Driver,51,Male,Proceeding Straight,Cell Phone Not In Use,None Apparent,HNBD,Parked Vehicle,,,Parked,Cell Phone Not In Use,None Apparent,Not Applicable,
201600045701,12/14/2016,00:15,Wednesday,LAS POSITAS BL,HOPYARD RD,6155417,2073777,37.68179102,-121.9039561,Property Damage Only,0,0,1,Driving Under Influence,No,Hit Object,Fixed Object,No Pedestrian Involved,23152,A,Raining,No Unusual Condition,Dark - Street Lights,Functioning,Driver,44,Male,Other Unsafe Turning,Cell Phone Not In Use,Violation,HBD Under Influence,,,,,,,,
201600045804,12/14/2016,18:28,Wednesday,OWENS DR,ROSEWOOD DR,6160839.164,2078454.821,37.69482183,-121.8853641,Property Damage Only,0,0,1,Unsafe Lane Change,No,Sideswipe,Other Motor Vehicle,No Pedestrian Involved,21658,A,Raining,No Unusual Condition,Dark - Street Lights,No Controls Present / Factor,Driver,28,Female,Proceeding Straight,Cell Phone Not In Use,None Apparent,HNBD,Driver,35,Male,Proceeding Straight,Cell Phone Not In Use,None Apparent,HNBD,Lap/Shoulder Harness Used
201600045821,12/14/2016,22:41,Wednesday,STONERIDGE MALL RD,MCWILLIAMS LN,6149764,2077775,37.69263594,-121.9235897,Property Damage Only,0,0,1,Unsafe Speed,No,Hit Object,Fixed Object,No Pedestrian Involved,22350,,Clear,No Unusual Condition,Dark - Street Lights,Functioning,Driver,32,Male,Proceeding Straight,Cell Phone Not In Use,None Apparent,HNBD,,,,,,,,
201800047009,12/14/2018,00:05,Friday,BERNAL AV,MAIN ST,6162507,2064475,37.65659715,-121.8790218,Other Visible Injury,1,0,1,Driving Under Influence,No,Hit Object,Fixed Object,No Pedestrian Involved,23152,A,Clear,No Unusual Condition,Dark - Street Lights,No Controls Present / Factor,Driver,49,Female,Other Unsafe Turning,Cell Phone Not In Use,Violation,HBD Under Influence,,,,,,,,
201000059174,12/15/2010,09:00,Wednesday,STONEDALE DR,RIVERDALE CT,6150543.2,2076670.678,37.68960327,-121.9208968,Property Damage Only,0,0,,Unsafe Starting or Backing,No,Rear-End,Parked Motor Vehicle,No Pedestrian Involved,22106,,Cloudy,No Unusual Condition,Dark - Street Lights,None,Driver,,Not Stated,Backing,Not Stated,Not Stated,Impairment Not Known,Parked Vehicle,,Not Stated,Parked,Not Stated,Not Stated,Not Applicable,Not Stated
201000059228,12/15/2010,16:30,Wednesday,VALENZA WY,LESSINI ST,6181132.635,2056987.733,37.63670803,-121.814271,Property Damage Only,2,0,,Improper Turning,No,Hit Object,Fixed Object,No Pedestrian Involved,22107,,Clear,No Unusual Condition,Daylight,None,Driver,43,Not Stated,Making Right Turn,Not Stated,Not Stated,Impairment Not Known,,,,,,,,
201155122,12/15/2011,06:25,Thursday,SUNOL BL,OFF RAMP NB I680 TO WB SUNOL BL,6160927,2058505,37.6400456,-121.8840166,Property Damage Only,0,0,1,Improper Turning,No,Hit Object,Fixed Object,No Pedestrian Involved,22107,,Cloudy,No Unusual Condition,Dark - Street Lights,None,Driver,27,Male,Proceeding Straight,Cell Phone Not In Use,None Apparent,HNBD,,,,,,,,
201100055143,12/15/2011,09:53,Thursday,VALLEY AV,VIA DE LOS MILAGROS,6156832.608,2070851.09,37.67383724,-121.8988605,Property Damage Only,0,0,1,Unsafe Speed,No,Hit Object,Fixed Object,No Pedestrian Involved,22350,,Cloudy,No Unusual Condition,Daylight,None,Driver,18,Female,Making Left Turn,Cell Phone Not In Use,None Apparent,HNBD,,,,,,,,
201500044416,12/15/2015,07:53,Tuesday,FRANKLIN DR,JOHNSON DR (N),6155256.841,2078808.724,37.69564564,-121.9047483,Property Damage Only,0,0,1,Improper Turning,No,Broadside,Other Motor Vehicle,No Pedestrian Involved,22107,,Clear,No Unusual Condition,Daylight,No Controls Present / Factor,Driver,29,Male,Making Right Turn,Cell Phone Not In Use,None Apparent,HNBD,Driver,63,Male,Proceeding Straight,Cell Phone Not In Use,None Apparent,HNBD,Lap/Shoulder Harness Used
201600045904,12/15/2016,15:20,Thursday,VALLEY AV,SANTA RITA RD,6164066,2071769,37.67666,-121.873867,Property Damage Only,0,0,1,Traffic Signals and Signs,No,Broadside,Other Motor Vehicle,No Pedestrian Involved,21453,A,Raining,No Unusual Condition,Dusk - Dawn,Functioning,Driver,20,Male,Making Left Turn,Cell Phone Not In Use,None Apparent,HNBD,Driver,34,Male,Proceeding Straight,Cell Phone Not In Use,None Apparent,HNBD,Lap/Shoulder Harness Used
201600045906,12/15/2016,15:40,Thursday,FOOTHILL RD,SANTOS RANCH RD,6151679.462,2067632.965,37.66479404,-121.9165731,Property Damage Only,0,0,1,Driving Under Influence,No,Other,Other Object,No Pedestrian Involved,23152,A,Raining,No Unusual Condition,Daylight,No Controls Present / Factor,Driver,41,Female,Crossed Into Opposing Lane - Unplanned,Cell Phone Not In Use,Violation,HBD Not Under Influence,,,,,,,,
201600045933,12/15/2016,18:22,Thursday,LAS POSITAS BL,HOPYARD RD,6155417,2073777,37.68179102,-121.9039561,Complaint of Pain,1,0,1,Traffic Signals and Signs,No,Broadside,Other Motor Vehicle,No Pedestrian Involved,21453,A,Raining,No Unusual Condition,Dark - Street Lights,Functioning,Driver,56,Male,Making Left Turn,Cell Phone Not In Use,None Apparent,HNBD,Driver,65,Male,Proceeding Straight,Cell Phone Not In Use,None Apparent,HNBD,Lap/Shoulder Harness Used
201700051197,12/15/2017,07:48,Friday,FOOTHILL RD,JORGENSEN LN,6153536.89,2065130.942,37.6580354,-121.9101127,Other Visible Injury,2,0,1,Unsafe Speed,No,Rear-End,Other Motor Vehicle,No Pedestrian Involved,22350,,Clear,No Unusual Condition,Daylight,No Controls Present / Factor,Driver,18,Male,Proceeding Straight,Cell Phone Not In Use,None Apparent,HNBD,Driver,17,Male,Proceeding Straight,Cell Phone Not In Use,None Apparent,HNBD,Lap/Shoulder Harness Used
201800047210,12/15/2018,15:51,Saturday,FIRST ST,NEAL ST,6164019,2065567,37.659596,-121.873799,Severe Injury,1,0,1,Auto R/W Violation,No,Head-On,Other Motor Vehicle,No Pedestrian Involved,21801,A,Clear,No Unusual Condition,Daylight,Functioning,Driver,49,Female,Making Left Turn,Cell Phone Not In Use,None Apparent,HNBD,Driver,,,Proceeding Straight,Cell Phone Not In Use,None Apparent,HNBD,M/C Helmet Driver - Yes
201800047226,12/15/2018,17:59,Saturday,HOPYARD RD,STONERIDGE DR,6155544.799,2077411.941,37.69180982,-121.9037531,Other Visible Injury,3,0,1,Unsafe Speed,No,Rear-End,Other Motor Vehicle,No Pedestrian Involved,22350,,Clear,No Unusual Condition,Dark - Street Lights,Functioning,Driver,65,Male,Proceeding Straight,Cell Phone Not In Use,None Apparent,HNBD,Driver,70,Male,Stopped In Road,Cell Phone Not In Use,None Apparent,HNBD,Lap/Shoulder Harness Used
201000059298,12/16/2010,06:10,Thursday,WILLOW RD,GIBRALTAR DR (N),6157128.457,2078885.993,37.69585784,-121.89828,Property Damage Only,1,0,,Traffic Signals and Signs,No,Broadside,Bicycle,No Pedestrian Involved,21453,,Clear,No Unusual Condition,Dark - Street Lights,Functioning,Driver,51,Not Stated,Making Right Turn,Not Stated,Not Stated,HNBD,Bicyclist,51,Not Stated,Proceeding Straight,Not Stated,Not Stated,HNBD,M/C Helmet Driver - Yes
201000059310,12/16/2010,07:49,Thursday,VALLEY AV,GREENWOOD RD,6162185.996,2071800.683,37.67669444,-121.8803347,Complaint of Pain,2,0,,Auto R/W Violation,No,Broadside,Bicycle,No Pedestrian Involved,21800,A,Clear,No Unusual Condition,Daylight,Functioning,Driver,16,Female,Making Left Turn,Cell Phone Not In Use,None Apparent,HNBD,Bicyclist,15,Male,Proceeding Straight,Cell Phone Not In Use,None Apparent,HNBD,M/C Helmet Driver - Yes
201000059348,12/16/2010,11:54,Thursday,OWENS DR,HOPYARD RD,6155384.136,2079914.742,37.69868297,-121.9043084,Property Damage Only,0,0,,Other Hazardous Movement,No,Rear-End,Other Motor Vehicle,No Pedestrian Involved,21461,,Clear,No Unusual Condition,Daylight,Functioning,Driver,46,Not Stated,Slowing/Stopping,Not Stated,Not Stated,HNBD,Driver,46,Not Stated,Stopped in Road,Not Stated,Not Stated,HNBD,Lap/Shoulder Harness Used
201000059395,12/16/2010,15:55,Thursday,PLEASANTON AV,ROSE AV,6162322.244,2066591.226,37.66240873,-121.8796604,Property Damage Only,0,0,,Improper Turning,No,Broadside,Parked Motor Vehicle,No Pedestrian Involved,22107,,Cloudy,No Unusual Condition,Daylight,None,Driver,38,Not Stated,Proceeding Straight,Not Stated,Not Stated,HNBD,Parked Vehicle,,Not Stated,Parked,Not Stated,Not Stated,Not Applicable,Not Stated
201400047569,12/16/2014,08:28,Tuesday,HOPYARD RD,VALLEY AV,6157371,2071600,37.67589389,-121.8970003,Complaint of Pain,1,0,1,Auto R/W Violation,No,Broadside,Bicycle,No Pedestrian Involved,21804,A,Clear,No Unusual Condition,Daylight,Functioning,Bicyclist,13,Male,Entering Traffic,Cell Phone Not In Use,None Apparent,HNBD,Driver,61,Male,Making Right Turn,Cell Phone Not In Use,None Apparent,HNBD,Lap/Shoulder Harness Used
201500044560,12/16/2015,05:17,Wednesday,VALLEY AV,BLACKBIRD DR,6158405.056,2071862.838,37.6766157,-121.8934275,Complaint of Pain,2,0,1,Ped R/W Violation,No,Vehicle - Pedestrian,Pedestrian,Crossing In Crosswalk At Intersection,21950,A,Clear,No Unusual Condition,Dark - Street Lights,No Controls Present / Factor,Driver,38,Male,Making Left Turn,Cell Phone Not In Use,Violation,HNBD,Pedestrian,43,Female,Proceeding Straight,Cell Phone Not In Use,None Apparent,HNBD,
201800047317,12/16/2018,15:43,Sunday,BERNAL AV,VALLEY AV (W),6157214.249,2065205.525,37.65838867,-121.8972244,Complaint of Pain,1,0,1,Unsafe Starting or Backing,No,Rear-End,Other Motor Vehicle,No Pedestrian Involved,22106,,Raining,No Unusual Condition,Dark - Street Lights,Functioning,Driver,47,Not Stated,Proceeding Straight,Cell Phone Not In Use,None Apparent,HNBD,Driver,33,Not Stated,Stopped In Road,Cell Phone Not In Use,None Apparent,HNBD,Lap/Shoulder Harness Used
201000059506,12/17/2010,11:26,Friday,ROSEWOOD DR,OWENS DR,6160426,2078870,37.69596198,-121.8867919,Property Damage Only,0,0,,Improper Turning,No,Hit Object,Fixed Object,No Pedestrian Involved,22107,,Cloudy,No Unusual Condition,Daylight,Functioning,Driver,26,Not Stated,Ran Off Road,Not Stated,Violation,HNBD,,,,,,,,
201000059531,12/17/2010,14:30,Friday,PIMLICO DR,SANTA RITA RD,6164719.999,2080337.833,37.70029839,-121.8720765,Complaint of Pain,1,0,,Unsafe Speed,No,Rear-End,Other Motor Vehicle,No Pedestrian Involved,22350,,Cloudy,No Unusual Condition,Daylight,None,Driver,17,Female,Other,,,,Driver,,Not Stated,Stopped in Road,Not Stated,Not Stated,HNBD,Lap/Shoulder Harness Used
201155522,12/17/2011,15:09,Saturday,FOOTHILL RD,DUBLIN CANYON RD,6146545.83,2079644.378,37.69762316,-121.9347667,Property Damage Only,0,0,1,Unsafe Speed,No,Rear-End,Other Motor Vehicle,No Pedestrian Involved,22350,,Clear,No Unusual Condition,Daylight,None,Driver,23,Female,Stopped in Road,Cell Phone Not In Use,None Apparent,HNBD,Driver,42,Female,Proceeding Straight,Cell Phone Not In Use,None Apparent,HNBD,Lap/Shoulder Harness Used
201100055534,12/17/2011,16:10,Saturday,OWENS DR,HACIENDA DR,6159993.915,2079287.572,37.69710871,-121.8882851,Complaint of Pain,1,0,1,Unsafe Speed,No,Rear-End,Other Motor Vehicle,No Pedestrian Involved,22350,,Clear,No Unusual Condition,Daylight,None,Driver,20,Female,Proceeding Straight,Cell Phone Not In Use,None Apparent,HNBD,Driver,21,Female,Slowing/Stopping,Cell Phone Not In Use,None Apparent,HNBD,Lap/Shoulder Harness Used
201100055597,12/17/2011,22:52,Saturday,SUNOL BL,ON RAMP NB I680 FROM EB SUNOL BL,6160927,2058505,37.6400456,-121.8840166,Complaint of Pain,1,0,1,Auto R/W Violation,No,Broadside,Other Motor Vehicle,No Pedestrian Involved,21802,A,Clear,No Unusual Condition,Dark - Street Lights,None,Driver,43,Male,Proceeding Straight,Cell Phone Not In Use,None Apparent,HNBD,Driver,40,Female,Proceeding Straight,Cell Phone Not In Use,None Apparent,HBD Not Under Influence,Lap/Shoulder Harness Used