Report Number,Date,Time,Collision Day of Week,Primary Road,Secondary Road,X,Y,Latitude,Longitude,Highest Degree of Injury,Number Injured,Number Killed,Party at Fault,Primary Collision Factor,Hit and Run,Collision Type,Involved With,Pedestrian Action,Violation,Violation Subsection,Weather,Road Condition1,Lighting,Right of Way Controls,Party Type 1,Party Age 1,Party Sex 1,Movement Preceding Collision 1,special information 1,Associated Cause - Factor 1 1,Party Sobriety 1 1,Party Type 2,Party Age 2,Party Sex 2,Movement Preceding Collision 2,special information 2,Associated Cause - Factor 1 2,Party Sobriety 1 2,Safety Equipment 2
2012-00046507,12/17/2012,08:18,Monday,GRILLO CT,CONCORD ST,6169655.393,2063801.147,37.65505098,-121.8541001,Property Damage Only,0,0,1,Unsafe Speed,No,Hit Object,Parked Motor Vehicle,No Pedestrian Involved,22350,,Cloudy,No Unusual Condition,Daylight,None,Driver,42,Male,Proceeding Straight,Cell Phone Not In Use,None Apparent,HNBD,Parked Vehicle,,,Parked,,None Apparent,Not Applicable,
201300044021,12/17/2013,07:50,Tuesday,ALDER CT,MUIRWOOD DR,6151909.176,2071271.398,37.67479515,-121.9158877,Property Damage Only,0,0,1,Improper Turning,No,Sideswipe,Other Motor Vehicle,No Pedestrian Involved,22107,,Clear,No Unusual Condition,Daylight,No Controls Present / Factor,Driver,48,Female,Other Unsafe Turning,Cell Phone Not In Use,None Apparent,HNBD,Driver,47,Female,Proceeding Straight,Cell Phone Not In Use,None Apparent,HNBD,Lap/Shoulder Harness Used
201400047805,12/17/2014,17:45,Wednesday,ABBIE ST,MIRADOR DR,6165969.304,2063390.195,37.65373598,-121.8668716,Property Damage Only,0,0,1,Unsafe Speed,No,Other,Animal,No Pedestrian Involved,22350,,Raining,No Unusual Condition,Dark - Street Lights,Functioning,Driver,45,Female,Making Left Turn,Cell Phone Not In Use,None Apparent,HNBD,,,,,,,,
201400047819,12/17/2014,20:01,Wednesday,SANTA RITA RD,STONERIDGE DR,6163003,2075864,37.687929,-121.877735,Property Damage Only,0,0,1,Improper Turning,No,Hit Object,Fixed Object,No Pedestrian Involved,22107,,Raining,No Unusual Condition,Dark - Street Lights,Functioning,Driver,74,Male,Ran Off Road,Cell Phone Not In Use,,HNBD,,,,,,,,
201500044715,12/17/2015,09:26,Thursday,POPPYBANK CT,KAMP DR,6166216.151,2072696.627,37.67920744,-121.8664377,Property Damage Only,0,0,1,Unsafe Starting or Backing,No,Other,Parked Motor Vehicle,In Road,22106,,Cloudy,Construction Or Repair Zone,Daylight,No Controls Present / Factor,Driver,18,Male,Backing,Cell Phone Not In Use,None Apparent,HNBD,Parked Vehicle,,,Parked,Cell Phone Not In Use,None Apparent,Not Applicable,
201500044739,12/17/2015,10:56,Thursday,STONERIDGE DR,STONERIDGE MALL RD,6149882,2077149,37.69091683,-121.9231818,Complaint of Pain,1,0,1,Traffic Signals and Signs,No,Broadside,Other Motor Vehicle,No Pedestrian Involved,21453,A,Clear,No Unusual Condition,Daylight,Functioning,Driver,52,Female,Proceeding Straight,Cell Phone Not In Use,None Apparent,HNBD,Driver,24,Female,Making Left Turn,Cell Phone Not In Use,None Apparent,HNBD,Lap/Shoulder Harness Used
201500044816,12/17/2015,18:46,Thursday,SANTA RITA RD,PIMLICO DR,6164697.817,2080152.532,37.69978952,-121.8721531,Property Damage Only,0,0,1,Unsafe Lane Change,No,Broadside,Other Motor Vehicle,No Pedestrian Involved,21658,A,Clear,Not Stated,Dark - Street Lights,Functioning,Driver,44,Female,Changing Lanes,Cell Phone Not In Use,None Apparent,HNBD,Driver,20,Female,Proceeding Straight,Cell Phone Not In Use,None Apparent,HNBD,Lap/Shoulder Harness Used
201600046124,12/17/2016,09:06,Saturday,VINEYARD AV,THIESSEN ST,6176855,2066274,37.66210851,-121.8294171,Property Damage Only,0,0,1,Improper Turning,No,Hit Object,Fixed Object,No Pedestrian Involved,22107,,Clear,No Unusual Condition,Daylight,No Controls Present / Factor,Driver,37,Male,Ran Off Road,Cell Phone Not In Use,Vision Obscurements,HNBD,,,,,,,,
201600046149,12/17/2016,14:15,Saturday,BERNAL AV,OLD BERNAL AV,6161770,2064642,37.65703217,-121.8813905,Complaint of Pain,1,0,1,Unsafe Speed,No,Rear-End,Other Motor Vehicle,No Pedestrian Involved,22350,,Clear,No Unusual Condition,Daylight,Functioning,Driver,15,Male,Proceeding Straight,Cell Phone Not In Use,None Apparent,HNBD,Driver,52,Male,Stopped In Road,Cell Phone Not In Use,None Apparent,HNBD,Lap/Shoulder Harness Used
201600046169,12/17/2016,18:24,Saturday,FOOTHILL RD,JORGENSEN LN,6152921.894,2066168.221,37.66088397,-121.9122373,Property Damage Only,0,0,1,Improper Passing,Misdemeanor,Sideswipe,Other Motor Vehicle,No Pedestrian Involved,21755,,Clear,No Unusual Condition,Dark - Street Lights,No Controls Present / Factor,Driver,,,Passing Other Vehicle,Cell Phone Not In Use,None Apparent,Impairment Not Known,Driver,43,Male,Proceeding Straight,Cell Phone Not In Use,None Apparent,HNBD,Lap/Shoulder Harness Used
201800047359,12/17/2018,00:28,Monday,STANLEY BL,VINTAGE CI (E),6170538.98,2069643.429,37.67114041,-121.8513378,Property Damage Only,0,0,1,Unsafe Speed,No,Hit Object,Fixed Object,No Pedestrian Involved,22350,,Raining,Flooded,Dark - No Street Lights,No Controls Present / Factor,Driver,18,Male,Proceeding Straight,Cell Phone Not In Use,Other,HNBD,,,,,,,,
201800047356,12/17/2018,00:51,Monday,STANLEY BL,VINTAGE CI (E),6170206.371,2069603.476,37.67103069,-121.8524869,Property Damage Only,0,0,1,Unsafe Speed,Misdemeanor,Broadside,Other Motor Vehicle,No Pedestrian Involved,22350,,Raining,Obstruction On Roadway,Dark - No Street Lights,No Controls Present / Factor,Driver,,,Proceeding Straight,Not Stated,Violation,Impairment Not Known,Driver,18,Male,Stopped In Road,Cell Phone Not In Use,None Apparent,HNBD,Lap/Shoulder Harness Used
201800047451,12/17/2018,17:12,Monday,OWENS DR,HACIENDA DR,6160131.978,2079154.146,37.6967423,-121.887808,Other Visible Injury,1,0,1,Auto R/W Violation,No,Broadside,Other Motor Vehicle,No Pedestrian Involved,21801,A,Cloudy,No Unusual Condition,Dark - Street Lights,Functioning,Driver,19,Female,Making Left Turn,Cell Phone Not In Use,None Apparent,HNBD,Driver,40,Male,Proceeding Straight,Cell Phone Not In Use,None Apparent,HNBD,Lap/Shoulder Harness Used
201000059716,12/18/2010,13:09,Saturday,SANTA RITA RD,LAS POSITAS BL,6162819,2077378,37.69208672,-121.8783709,Property Damage Only,0,0,,Improper Turning,No,Broadside,Other Motor Vehicle,No Pedestrian Involved,22100,,Raining,No Unusual Condition,Daylight,Functioning,Driver,45,Not Stated,Making Right Turn,Not Stated,Not Stated,HNBD,Driver,67,Not Stated,Proceeding Straight,Not Stated,Not Stated,HNBD,Lap/Shoulder Harness Used
20100059735,12/18/2010,16:11,Saturday,JOHNSON DR,COMMERCE DR,6150736.97,2079764.282,37.69795244,-121.9202816,Property Damage Only,0,0,,Improper Turning,No,Hit Object,Fixed Object,No Pedestrian Involved,22107,,Raining,No Unusual Condition,Daylight,None,Driver,27,Not Stated,Making Left Turn,Not Stated,Violation,HNBD,,,,,,,,
201100055787,12/18/2011,23:38,Sunday,SASSAFRAS CT,OAK TREE FARM DR,6160373.65,2053250.741,37.62572228,-121.8857337,Property Damage Only,0,0,1,Unsafe Speed,No,Head-On,Other Object,No Pedestrian Involved,22350,,Clear,No Unusual Condition,Dark - Street Lights,None,Driver,,Male,Proceeding Straight,Not Stated,Violation,Impairment Not Known,,,,,,,,
2012-00046597,12/18/2012,02:42,Tuesday,SANTA RITA RD,PICKENS LN,6162829.2,2078077.544,37.6940078,-121.8783356,Complaint of Pain,1,0,,Other Than Driver,No,Hit Object,Non-Collision,No Pedestrian Involved,,,Clear,No Unusual Condition,Dark - Street Lights,None,Driver,31,Female,Ran Off Road,Cell Phone Not In Use,Violation,HNBD,,,,,,,,
2012-00046620,12/18/2012,08:10,Tuesday,HOPYARD RD,CORTE SIERRA,6158785.116,2070378.712,37.67254,-121.8921147,Complaint of Pain,1,0,1,Unsafe Speed,No,Rear-End,Other Motor Vehicle,No Pedestrian Involved,22350,,Clear,No Unusual Condition,Daylight,Functioning,Driver,41,Female,Proceeding Straight,Cell Phone Not In Use,Vision Obscurements,HNBD,Driver,34,Female,Slowing/Stopping,Cell Phone Not In Use,None Apparent,HNBD,Lap/Shoulder Harness Used
2012-00046704,12/18/2012,17:23,Tuesday,FOOTHILL RD,CANYON WY,6146902.885,2078496.207,37.69447007,-121.9335326,Complaint of Pain,1,0,1,Unsafe Speed,No,Rear-End,Other Motor Vehicle,No Pedestrian Involved,22350,,Clear,No Unusual Condition,Dark - Street Lights,Functioning,Driver,27,Female,Proceeding Straight,Cell Phone Not In Use,Inattention,HNBD,Driver,47,Female,Stopped In Road,Cell Phone Not In Use,Stop and Go Traffic,HNBD,Lap/Shoulder Harness Used
201300044231,12/18/2013,17:03,Wednesday,HOPYARD RD,VALLEY AV,6157332.312,2071631.674,37.67598088,-121.897134,Property Damage Only,0,0,1,Unsafe Starting or Backing,No,Rear-End,Other Motor Vehicle,No Pedestrian Involved,22106,,Clear,No Unusual Condition,Daylight,Functioning,Driver,,Female,Proceeding Straight,Cell Phone Not In Use,None Apparent,Impairment Not Known,Driver,,Female,Stopped In Road,Cell Phone Not In Use,None Apparent,Impairment Not Known,Lap/Shoulder Harness Used
201300044224,12/18/2013,17:36,Wednesday,STONERIDGE DR,FRANKLIN DR,6153291.451,2076913.035,37.69026883,-121.9113995,Property Damage Only,0,0,1,Unsafe Speed,No,Rear-End,Other Motor Vehicle,No Pedestrian Involved,22350,,Clear,No Unusual Condition,Dark - Street Lights,Functioning,Driver,53,Female,Proceeding Straight,Cell Phone Not In Use,None Apparent,HNBD,Driver,54,Male,Stopped In Road,Cell Phone Not In Use,None Apparent,HNBD,Lap/Shoulder Harness Used
201500044873,12/18/2015,10:41,Friday,BERNAL AV,VALLEY AV (W),6157276,2065234,37.65846687,-121.8970111,Complaint of Pain,1,0,1,Auto R/W Violation,No,Broadside,Other Motor Vehicle,No Pedestrian Involved,21453,C,Clear,No Unusual Condition,Daylight,Functioning,Driver,50,Female,Making Left Turn,Cell Phone Not In Use,None Apparent,HNBD,Driver,34,Female,Proceeding Straight,Cell Phone Not In Use,None Apparent,HNBD,Lap/Shoulder Harness Used
201600046212,12/18/2016,00:59,Sunday,RAVEN RD,CANARY DR,6161257.505,2072284.689,37.67802361,-121.8835428,Property Damage Only,0,0,1,Driving Under Influence,No,Hit Object,Fixed Object,No Pedestrian Involved,23152,A,Clear,No Unusual Condition,Dark - Street Lights,Functioning,Driver,18,Female,Proceeding Straight,Cell Phone Not In Use,Violation,HBD Under Influence,,,,,,,,
201600046258,12/18/2016,17:50,Sunday,FIRST ST,NEAL ST,6164019,2065567,37.659596,-121.873799,Complaint of Pain,1,0,1,Auto R/W Violation,No,Broadside,Other Motor Vehicle,No Pedestrian Involved,21801,A,Clear,No Unusual Condition,Dark - Street Lights,Functioning,Driver,18,Male,Making Left Turn,Cell Phone Not In Use,None Apparent,HNBD,Driver,51,Male,Proceeding Straight,Cell Phone Not In Use,None Apparent,HNBD,Lap/Shoulder Harness Used
201700051776,12/18/2017,20:38,Monday,HACIENDA DR,OFF RAMP WB I580 TO HACIENDA DR,6160109,2081379,37.70299241,-121.8879987,Other Visible Injury,2,0,1,Traffic Signals and Signs,No,Broadside,Other Motor Vehicle,No Pedestrian Involved,21453,A,Clear,No Unusual Condition,Dark - Street Lights,Functioning,Driver,21,Male,Proceeding Straight,Cell Phone Not In Use,Unfamiliar With Road,HNBD,Driver,33,Male,Making Left Turn,Cell Phone Not In Use,None Apparent,HNBD,Lap/Shoulder Harness Used
201800047527,12/18/2018,08:15,Tuesday,STONERIDGE DR,HOPYARD RD,6155441.011,2077291.459,37.69147895,-121.9041118,Property Damage Only,0,0,1,Improper Turning,No,Sideswipe,Other Motor Vehicle,No Pedestrian Involved,22107,,Clear,No Unusual Condition,Daylight,Functioning,Driver,72,Male,Changing Lanes,Cell Phone Not In Use,None Apparent,HNBD,Driver,62,Male,Proceeding Straight,Cell Phone Not In Use,None Apparent,HNBD,Lap/Shoulder Harness Used
201800047562,12/18/2018,12:48,Tuesday,SPRINGDALE AV,STONERIDGE DR,6149288,2077026,37.69043262,-121.9252902,Other Visible Injury,2,0,1,Auto R/W Violation,No,Head-On,Other Motor Vehicle,No Pedestrian Involved,21453,C,Clear,No Unusual Condition,Daylight,Functioning,Driver,17,Female,Making Left Turn,Cell Phone Not In Use,None Apparent,HNBD,Driver,76,Female,Proceeding Straight,Cell Phone Not In Use,None Apparent,HNBD,Lap/Shoulder Harness Used
201800047631,12/18/2018,23:57,Tuesday,RUBY HILL DR,AVIO CT,6182031.159,2061868.675,37.65018375,-121.8114494,Property Damage Only,0,0,1,Improper Turning,No,Hit Object,Fixed Object,No Pedestrian Involved,22107,,Clear,No Unusual Condition,Dark - Street Lights,No Controls Present / Factor,Driver,18,Male,Ran Off Road,Cell Phone Handheld In Use,Violation,HNBD,,,,,,,,
201000059809,12/19/2010,00:03,Sunday,BERNAL AV,INDEPENDENCE DR,6165449.222,2062844.685,37.6522379,-121.8686679,Property Damage Only,1,0,,Unsafe Speed,No,Sideswipe,Fixed Object,No Pedestrian Involved,22350,,Raining,No Unusual Condition,Dark - Street Lights,None,Driver,20,Not Stated,Proceeding Straight,Not Stated,Not Stated,HNBD,,,,,,,,
20100059873,12/19/2010,12:42,Sunday,VALLEY AV,SANTA RITA RD,6163688.067,2071775.875,37.67667888,-121.8751728,Property Damage Only,0,0,,Auto R/W Violation,No,Broadside,Other Motor Vehicle,No Pedestrian Involved,21804,,Raining,No Unusual Condition,Daylight,Functioning,Driver,43,Not Stated,Proceeding Straight,Not Stated,Not Stated,HNBD,Driver,49,Not Stated,Proceeding Straight,Not Stated,Not Stated,HNBD,Lap/Shoulder Harness Used
201000059944,12/19/2010,21:45,Sunday,MAIN ST,ANGELA ST,6163219.787,2065448.715,37.65927117,-121.8765597,Property Damage Only,0,0,,Driving Under Influence,No,Rear-End,Parked Motor Vehicle,No Pedestrian Involved,23152,,Cloudy,No Unusual Condition,Dark - Street Lights,None,Driver,33,Not Stated,Entering Traffic,Not Stated,Not Stated,HBD Under Influence,Parked Vehicle,,Not Stated,Parked,Not Stated,Not Stated,Not Applicable,Not Stated
2012-00046787,12/19/2012,09:36,Wednesday,SANTA RITA RD,PIMLICO DR,6164710,2080338,37.70029885,-121.8721111,Property Damage Only,0,0,1,Traffic Signals and Signs,No,Broadside,Other Motor Vehicle,No Pedestrian Involved,21453,A,Clear,No Unusual Condition,Daylight,Functioning,Driver,24,Male,Proceeding Straight,Cell Phone Not In Use,Vision Obscurements,HNBD,Driver,29,Male,Proceeding Straight,Cell Phone Not In Use,None Apparent,HNBD,Lap/Shoulder Harness Used
201300044386,12/19/2013,18:49,Thursday,STONERIDGE MALL RD,WORKDAY WY,6149433.716,2078565.732,37.69466101,-121.9247861,Complaint of Pain,2,0,1,Unsafe Speed,No,Rear-End,Other Motor Vehicle,No Pedestrian Involved,22350,,Clear,No Unusual Condition,Dark - Street Lights,Functioning,Driver,82,Female,Proceeding Straight,Cell Phone Not In Use,None Apparent,HBD Not Under Influence,Driver,46,Male,Stopped In Road,Cell Phone Not In Use,None Apparent,HNBD,Lap/Shoulder Harness Used
201400048029,12/19/2014,11:55,Friday,OWENS DR,ROSEWOOD DR,6160976.18,2078287.952,37.69436357,-121.8848906,Property Damage Only,0,0,1,Unsafe Speed,No,Rear-End,Parked Motor Vehicle,No Pedestrian Involved,22350,,Clear,No Unusual Condition,Daylight,No Controls Present / Factor,Driver,33,Male,Proceeding Straight,Cell Phone Not In Use,None Apparent,HNBD,Parked Vehicle,,,Parked,Cell Phone Not In Use,None Apparent,Not Applicable,
201500044975,12/19/2015,08:23,Saturday,DOUGHERTY RD,OFF RAMP WB I580 TO DOUGHERTY RD,6154323,2081541,37.70314896,-121.9079761,Property Damage Only,0,0,1,Traffic Signals and Signs,No,Broadside,Other Motor Vehicle,No Pedestrian Involved,21453,A,Cloudy,No Unusual Condition,Daylight,Functioning,Driver,19,Male,Proceeding Straight,Cell Phone Not In Use,Inattention,HNBD,Driver,33,Male,Making Left Turn,Cell Phone Not In Use,None Apparent,HNBD,Lap/Shoulder Harness Used
201500044982,12/19/2015,10:12,Saturday,CLOROX WY,HOPYARD RD,6155572,2078285,37.6942074,-121.9036591,Other Visible Injury,2,0,1,Auto R/W Violation,No,Broadside,Other Motor Vehicle,No Pedestrian Involved,21453,C,Clear,No Unusual Condition,Daylight,Functioning,Driver,33,Female,Making Left Turn,Cell Phone Not In Use,None Apparent,HNBD,Driver,48,Male,Proceeding Straight,Cell Phone Not In Use,None Apparent,HNBD,Lap/Shoulder Harness Used
201600046287,12/19/2016,07:45,Monday,HOPYARD RD,VALLEY TRAILS DR (W),6155839.24,2072841.316,37.67930278,-121.9022928,Property Damage Only,0,0,1,Unsafe Lane Change,No,Sideswipe,Other Motor Vehicle,No Pedestrian Involved,21658,A,Clear,No Unusual Condition,Daylight,Functioning,Driver,17,Female,Proceeding Straight,Cell Phone Not In Use,Violation,HNBD,Driver,61,Male,Stopped In Road,Cell Phone Not In Use,None Apparent,HNBD,Lap/Shoulder Harness Used
201600046301,12/19/2016,10:48,Monday,ABBIE ST,FIRST ST,6163338.87,2065062.333,37.65821008,-121.8761484,Property Damage Only,0,0,1,Auto R/W Violation,No,Broadside,Other Motor Vehicle,No Pedestrian Involved,21804,A,Clear,No Unusual Condition,Daylight,No Controls Present / Factor,Driver,55,Male,Making Left Turn,Cell Phone Not In Use,None Apparent,HNBD,Driver,59,Female,Proceeding Straight,Cell Phone Not In Use,None Apparent,HNBD,Lap/Shoulder Harness Used
201600046324,12/19/2016,14:29,Monday,BERNAL AV,KOLL CENTER DR,6156821.382,2065024.361,37.65789116,-121.8985815,Complaint of Pain,3,0,1,Unsafe Speed,No,Rear-End,Other Motor Vehicle,No Pedestrian Involved,22350,,Clear,No Unusual Condition,Daylight,Functioning,Driver,66,Female,Slowing/Stopping,Cell Phone Not In Use,Stop and Go Traffic,HNBD,Driver,23,Female,Stopped In Road,Cell Phone Not In Use,None Apparent,HNBD,Lap/Shoulder Harness Used
201600046361,12/19/2016,22:00,Monday,DENKER DR,ALVORD WY,6154100.331,2076723.145,37.68988168,-121.9085058,Property Damage Only,0,0,1,Driving Under Influence,No,Rear-End,Parked Motor Vehicle,No Pedestrian Involved,23152,A,Clear,No Unusual Condition,Dark - Street Lights,No Controls Present / Factor,Driver,20,Male,Making Right Turn,Cell Phone Handheld In Use,Inattention,HBD Under Influence,Parked Vehicle,,,Parked,,,Not Applicable,
201700051932,12/19/2017,19:43,Tuesday,OWENS DR,HACIENDA DR,6159907.625,2079370.964,37.69733772,-121.8885833,Complaint of Pain,1,0,1,Unsafe Speed,No,Rear-End,Other Motor Vehicle,No Pedestrian Involved,22350,,Clear,No Unusual Condition,Dark - Street Lights,Functioning,Driver,35,Male,Proceeding Straight,Cell Phone Not In Use,Vision Obscurements,HNBD,Driver,42,Male,Stopped In Road,Cell Phone Not In Use,None Apparent,HNBD,Lap/Shoulder Harness Used
201800047731,12/19/2018,18:29,Wednesday,VALLEY AV,PASEO SANTA CRUZ (S),6157134,2068413,37.66704857,-121.8976863,Other Visible Injury,3,0,1,Traffic Signals and Signs,No,Broadside,Other Motor Vehicle,No Pedestrian Involved,22450,A,Clear,No Unusual Condition,Dark - Street Lights,No Controls Present / Factor,Driver,40,Male,Proceeding Straight,Cell Phone Not In Use,Violation,HNBD,Driver,38,Female,Proceeding Straight,Cell Phone Not In Use,None Apparent,HNBD,Lap/Shoulder Harness Used
201000057160,12/2/2010,13:54,Thursday,HOPYARD RD,OFF RAMP EB I580 TO HOPYARD RD,6155013.265,2080453.431,37.7001623,-121.9055902,Complaint of Pain,1,0,,Unsafe Speed,No,Rear-End,Other Motor Vehicle,No Pedestrian Involved,22350,,Cloudy,No Unusual Condition,Daylight,Functioning,Driver,51,Not Stated,Proceeding Straight,Not Stated,Not Stated,HNBD,Driver,47,Not Stated,Stopped in Road,Not Stated,Not Stated,HNBD,Lap/Shoulder Harness Used
201000057206,12/2/2010,17:40,Thursday,OWENS DR,HACIENDA DR,6159776.753,2079497.441,37.69768505,-121.8890356,Property Damage Only,0,0,,Unsafe Speed,No,Rear-End,Other Motor Vehicle,No Pedestrian Involved,22350,,Cloudy,No Unusual Condition,Dark - Street Lights,Functioning,Driver,32,Not Stated,Stopped in Road,Not Stated,Not Stated,HNBD,Driver,29,Not Stated,Proceeding Straight,Not Stated,Violation,HNBD,Lap/Shoulder Harness Used
201100053247,12/2/2011,15:58,Friday,HOPYARD RD,STONERIDGE DR,6155541,2077290,37.69147495,-121.9037662,Property Damage Only,0,0,,Traffic Signals and Signs,No,Broadside,Other Motor Vehicle,No Pedestrian Involved,21453,A,Clear,No Unusual Condition,Daylight,Functioning,Driver,81,Female,Proceeding Straight,Cell Phone Not In Use,None Apparent,HNBD,Driver,33,Male,Making Left Turn,Cell Phone Not In Use,Stop and Go Traffic,HNBD,Lap/Shoulder Harness Used
201100053250,12/2/2011,16:30,Friday,BERNAL AV,KOLL CENTER DR,6156352.128,2064807.44,37.65729545,-121.9002024,Property Damage Only,0,0,1,Unsafe Speed,No,Rear-End,Other Motor Vehicle,No Pedestrian Involved,22350,,Clear,No Unusual Condition,Daylight,Functioning,Driver,54,Female,Proceeding Straight,Cell Phone Not In Use,None Apparent,HNBD,Driver,83,Female,Slowing/Stopping,Cell Phone Not In Use,None Apparent,HNBD,Lap/Shoulder Harness Used
201300042110,12/2/2013,09:43,Monday,FIRST ST,NEAL ST,6164019,2065567,37.659596,-121.873799,Other Visible Injury,1,0,1,Traffic Signals and Signs,No,Broadside,Other Motor Vehicle,No Pedestrian Involved,21453,A,Clear,No Unusual Condition,Daylight,Functioning,Driver,34,Female,Proceeding Straight,Cell Phone Not In Use,None Apparent,HNBD,Driver,89,Female,Proceeding Straight,Cell Phone Not In Use,None Apparent,HNBD,Lap/Shoulder Harness Used
201300042169,12/2/2013,20:42,Monday,SUNOL BL,SYCAMORE RD,6161727.727,2060341.849,37.64523758,-121.8814007,Property Damage Only,0,0,1,Wrong Side of Road,No,Hit Object,Fixed Object,No Pedestrian Involved,21651,B,Clear,No Unusual Condition,Dark - Street Lights,Functioning,Driver,68,Female,Making Right Turn,Cell Phone Not In Use,None Apparent,HNBD,,,,,,,,
201400045706,12/2/2014,07:32,Tuesday,LAS POSITAS BL,OWENS DR,6161834,2077157,37.69147982,-121.8817749,Property Damage Only,0,0,,Improper Turning,No,Sideswipe,Other Motor Vehicle,No Pedestrian Involved,22107,,Raining,No Unusual Condition,Dark - Street Lights,Functioning,Driver,35,Female,Making Right Turn,Cell Phone Not In Use,None Apparent,Not Applicable,Driver,29,Male,Making Right Turn,Cell Phone Not In Use,None Apparent,Not Applicable,Unknown
201400045709,12/2/2014,09:00,Tuesday,RUBY HILL DR,AVIO CT,6182031.159,2061868.675,37.65018375,-121.8114494,Property Damage Only,0,0,1,Unsafe Speed,No,Hit Object,Fixed Object,No Pedestrian Involved,22350,,Raining,No Unusual Condition,Daylight,No Controls Present / Factor,Driver,20,Male,Proceeding Straight,Cell Phone Not In Use,Violation,HNBD,,,,,,,,
201500042904,12/2/2015,11:55,Wednesday,ST MARYS ST,PETERS AV,6163303,2066770,37.66289968,-121.8762724,Property Damage Only,0,0,,Traffic Signals and Signs,No,Broadside,Other Motor Vehicle,No Pedestrian Involved,22450,A,Cloudy,No Unusual Condition,Daylight,Functioning,Driver,64,Male,Proceeding Straight,Cell Phone Not In Use,None Apparent,HNBD,Driver,71,Female,Proceeding Straight,Cell Phone Not In Use,None Apparent,HNBD,Lap/Shoulder Harness Used
201600044323,12/2/2016,08:16,Friday,FOOTHILL RD,STONERIDGE DR,6147797,2076393,37.68869429,-121.9304428,Complaint of Pain,3,0,1,Traffic Signals and Signs,No,Broadside,Other Motor Vehicle,No Pedestrian Involved,21453,A,Clear,No Unusual Condition,Daylight,Functioning,Driver,29,Male,Proceeding Straight,Cell Phone Not In Use,None Apparent,HNBD,Driver,48,Male,Making Left Turn,Cell Phone Not In Use,None Apparent,HNBD,Lap/Shoulder Harness Used
201600044386,12/2/2016,15:50,Friday,HICKORYWOOD LN,SHADY MILL LN,6156332.677,2063161.43,37.65268202,-121.9000985,Property Damage Only,0,0,1,Unsafe Starting or Backing,No,Hit Object,Parked Motor Vehicle,No Pedestrian Involved,22106,,Clear,No Unusual Condition,Dark - Street Lights,No Controls Present / Factor,Driver,17,Female,Backing,Cell Phone Not In Use,None Stated,HNBD,Parked Vehicle,,,Parked,Cell Phone Not In Use,None Stated,Not Applicable,
21700048935,12/2/2017,09:46,Saturday,STONERIDGE DR,CHABOT DR,6156218,2077273,37.69142826,-121.9014267,Complaint of Pain,1,0,1,Traffic Signals and Signs,No,Broadside,Other Motor Vehicle,No Pedestrian Involved,21453,A,Clear,No Unusual Condition,Daylight,Functioning,Driver,50,Female,Proceeding Straight,Cell Phone Not In Use,None Apparent,HNBD,Driver,54,Female,Proceeding Straight,Cell Phone Not In Use,None Apparent,HNBD,Lap/Shoulder Harness Used
201000060047,12/20/2010,10:34,Monday,FOOTHILL RD,OFF RAMP WB I580 TO FOOTHILL RD,6146431.294,2080319.77,37.69947791,-121.9351626,Property Damage Only,4,0,,Unsafe Speed,No,Rear-End,Other Motor Vehicle,No Pedestrian Involved,22350,,Cloudy,No Unusual Condition,Daylight,Functioning,Driver,46,Not Stated,Proceeding Straight,Not Stated,Not Stated,,Driver,26,Not Stated,Proceeding Straight,Not Stated,Not Stated,HNBD,Lap/Shoulder Harness Used
201000060140,12/20/2010,18:10,Monday,STONERIDGE MALL RD,WORKDAY WY,6149333.797,2078803.537,37.69531406,-121.9251314,Property Damage Only,0,0,,Auto R/W Violation,No,Broadside,Other Motor Vehicle,No Pedestrian Involved,21804,,Clear,No Unusual Condition,Dark - Street Lights,None,Driver,40,Not Stated,Entering Traffic,Not Stated,Not Stated,HNBD,Driver,42,Not Stated,Proceeding Straight,Not Stated,Not Stated,HNBD,Lap/Shoulder Harness Used
201155877,12/20/2011,13:24,Tuesday,HACIENDA DR,OFF RAMP WB I580 TO HACIENDA DR,6160109.533,2081367.012,37.70295949,-121.8879969,Complaint of Pain,1,0,1,Unsafe Speed,No,Rear-End,Other Motor Vehicle,No Pedestrian Involved,22350,,Clear,No Unusual Condition,Daylight,Functioning,Driver,79,Male,Slowing/Stopping,Cell Phone Not In Use,None Apparent,HNBD,Driver,65,Female,Stopped in Road,Cell Phone Not In Use,None Apparent,HNBD,Lap/Shoulder Harness Used
201100055898,12/20/2011,15:16,Tuesday,VALLEY TRAILS DR,PLATT CT,6154388,2072287,37.6776992,-121.9075116,Property Damage Only,0,0,2,Auto R/W Violation,No,Broadside,Other Motor Vehicle,No Pedestrian Involved,21800,A,Clear,No Unusual Condition,Daylight,None,Driver,24,Male,Making Right Turn,Cell Phone Not In Use,None Apparent,HNBD,Driver,16,Male,Proceeding Straight,Cell Phone Not In Use,None Apparent,HNBD,Lap/Shoulder Harness Used