Report Number,Date,Time,Collision Day of Week,Primary Road,Secondary Road,X,Y,Latitude,Longitude,Highest Degree of Injury,Number Injured,Number Killed,Party at Fault,Primary Collision Factor,Hit and Run,Collision Type,Involved With,Pedestrian Action,Violation,Violation Subsection,Weather,Road Condition1,Lighting,Right of Way Controls,Party Type 1,Party Age 1,Party Sex 1,Movement Preceding Collision 1,special information 1,Associated Cause - Factor 1 1,Party Sobriety 1 1,Party Type 2,Party Age 2,Party Sex 2,Movement Preceding Collision 2,special information 2,Associated Cause - Factor 1 2,Party Sobriety 1 2,Safety Equipment 2
2012-00046949,12/20/2012,09:00,Thursday,FOOTHILL RD,OAK CREEK DR,6150496.451,2070875.052,37.67369744,-121.9206602,Complaint of Pain,1,0,1,Auto R/W Violation,No,Broadside,Bicycle,No Pedestrian Involved,21804,A,Clear,No Unusual Condition,Daylight,Functioning,Bicyclist,15,,Proceeding Straight,Cell Phone Not In Use,None Apparent,HNBD,Driver,,,Stopped In Road,Cell Phone Not In Use,Vision Obscurements,HNBD,Lap/Shoulder Harness Used
2012-00047000,12/20/2012,15:45,Thursday,STONERIDGE MALL RD,LAUREL CREEK WY,6148174,2077658,37.69216821,-121.9291398,Complaint of Pain,1,0,1,Auto R/W Violation,No,Broadside,Other Motor Vehicle,No Pedestrian Involved,21802,A,Clear,No Unusual Condition,Daylight,None,Driver,17,Male,Making Left Turn,Cell Phone Not In Use,None Apparent,HNBD,Driver,47,Female,Proceeding Straight,Cell Phone Not In Use,None Apparent,HNBD,Lap/Shoulder Harness Used
2012-00047023,12/20/2012,17:45,Thursday,DEODAR WY,FOOTHILL RD,6147159.024,2077988.539,37.69307593,-121.9326474,Property Damage Only,0,0,1,Unsafe Speed,No,Rear-End,Other Motor Vehicle,No Pedestrian Involved,22350,,Clear,No Unusual Condition,Dark - Street Lights,Functioning,Driver,18,Male,Proceeding Straight,Cell Phone Not In Use,None Apparent,HNBD,Driver,34,Female,Stopped In Road,Cell Phone Not In Use,None Apparent,HNBD,Lap/Shoulder Harness Used
201300044507,12/20/2013,13:59,Friday,MAIN ST,RAY ST,6163961.977,2067364.351,37.66453188,-121.873996,Other Visible Injury,1,0,1,Pedestrian Violation,No,Vehicle - Pedestrian,Pedestrian,In Road,21955,,Clear,No Unusual Condition,Daylight,No Controls Present / Factor,Pedestrian,59,Female,,Cell Phone Not In Use,None Apparent,HNBD,Driver,72,Female,Proceeding Straight,Cell Phone Not In Use,None Apparent,HNBD,Lap/Shoulder Harness Used
201300044526,12/20/2013,15:30,Friday,LAUREL CREEK DR,FOOTHILL RD,6147581.92,2076268.61,37.68835269,-121.931186,Property Damage Only,0,0,1,Unsafe Speed,No,Hit Object,Fixed Object,No Pedestrian Involved,22350,,Clear,No Unusual Condition,Daylight,Functioning,Driver,,Male,Proceeding Straight,Cell Phone Not In Use,Violation,HNBD,,,,,,,,
201300044540,12/20/2013,15:53,Friday,ANGELA ST,PETERS AV,6162899,2065679,37.65990357,-121.8776679,Property Damage Only,0,0,1,Unsafe Speed,Misdemeanor,Hit Object,Fixed Object,No Pedestrian Involved,22350,,Clear,No Unusual Condition,Daylight,No Controls Present / Factor,Driver,23,Male,Proceeding Straight,Cell Phone Not In Use,None Apparent,Impairment Not Known,,,,,,,,
201300044534,12/20/2013,16:45,Friday,LAS POSITAS BL,WARRENTON CT,6167623,2078577,37.69546283,-121.8620433,Complaint of Pain,1,0,1,Driving Under Influence,No,Rear-End,Other Motor Vehicle,No Pedestrian Involved,23152,A,Clear,No Unusual Condition,Daylight,No Controls Present / Factor,Driver,64,Male,Proceeding Straight,Cell Phone Not In Use,Violation,HBD Under Influence,Driver,29,Female,Slowing/Stopping,Cell Phone Not In Use,None Apparent,HNBD,Lap/Shoulder Harness Used
201300044538,12/20/2013,17:06,Friday,BERNAL AV,PALOMINO DR,6168877.204,2066411.615,37.66220816,-121.8569539,Property Damage Only,0,0,1,Auto R/W Violation,No,Broadside,Other Motor Vehicle,No Pedestrian Involved,21804,A,Clear,No Unusual Condition,Dusk - Dawn,No Controls Present / Factor,Driver,45,Male,Entering Traffic,Cell Phone Not In Use,None Apparent,HNBD,Driver,22,Female,Proceeding Straight,Cell Phone Not In Use,None Apparent,HNBD,Lap/Shoulder Harness Used
201300044579,12/20/2013,21:54,Friday,HOPYARD RD,OWENS DR,6155369,2079905,37.69865621,-121.9043607,Property Damage Only,0,0,1,Driving Under Influence,No,Rear-End,Other Motor Vehicle,No Pedestrian Involved,23152,A,Clear,No Unusual Condition,Dark - Street Lights,Functioning,Driver,53,Female,Proceeding Straight,Cell Phone Not In Use,Violation,HBD Under Influence,Driver,28,Male,Stopped In Road,Cell Phone Not In Use,None Apparent,HNBD,Lap/Shoulder Harness Used
201400048133,12/20/2014,09:04,Saturday,LAS POSITAS BL,SANTA RITA RD,6162819,2077378,37.69208672,-121.8783709,Property Damage Only,0,0,1,Traffic Signals and Signs,No,Broadside,Other Motor Vehicle,No Pedestrian Involved,21453,A,Cloudy,No Unusual Condition,Daylight,Functioning,Driver,52,Female,Proceeding Straight,Cell Phone Not In Use,None Apparent,HNBD,Driver,52,Female,Proceeding Straight,Cell Phone Not In Use,None Apparent,HNBD,Lap/Shoulder Harness Used
201600046427,12/20/2016,12:43,Tuesday,DOUGHERTY RD,OFF RAMP WB I580 TO DOUGHERTY RD,6154323,2081541,37.70314896,-121.9079761,Complaint of Pain,2,0,1,Unsafe Speed,No,Rear-End,Other Motor Vehicle,No Pedestrian Involved,22350,,Clear,No Unusual Condition,Daylight,Functioning,Driver,17,Female,Slowing/Stopping,Cell Phone Not In Use,Violation,HNBD,Driver,,Not Stated,Slowing/Stopping,Cell Phone Not In Use,None Apparent,HNBD,Lap/Shoulder Harness Used
201600046431,12/20/2016,12:56,Tuesday,MAIN ST,ST JOHN ST,6163848,2067032,37.66361918,-121.8743897,Complaint of Pain,1,0,1,Ped R/W Violation,No,Vehicle - Pedestrian,Pedestrian,Crossing In Crosswalk At Intersection,21950,A,Cloudy,No Unusual Condition,Daylight,Functioning,Driver,57,Female,Making Right Turn,Cell Phone Not In Use,Violation,HNBD,Pedestrian,16,Male,Proceeding Straight,Cell Phone Not In Use,None Apparent,HNBD,
201700052168,12/20/2017,20:40,Wednesday,HACIENDA DR,OFF RAMP WB I580 TO HACIENDA DR,6160105.395,2081464.924,37.70322837,-121.8880112,Fatal,0,1,1,Pedestrian Violation,No,Vehicle - Pedestrian,Pedestrian,In Road,21955,,Clear,No Unusual Condition,Dark - Street Lights Not Functioning,Functioning,Pedestrian,29,Male,Crossed Into Opposing Lane - Unplanned,Cell Phone Not In Use,None Apparent,Impairment Not Known,Driver,36,Female,Proceeding Straight,Cell Phone Not In Use,None Apparent,HNBD,Lap/Shoulder Harness Used
201800047871,12/20/2018,17:39,Thursday,HACIENDA DR,OWENS DR,6159771,2079503,37.69770032,-121.8890555,Complaint of Pain,2,0,1,Auto R/W Violation,No,Broadside,Other Motor Vehicle,No Pedestrian Involved,21800,A,Cloudy,No Unusual Condition,Dark - Street Lights,Functioning,Driver,48,Male,Proceeding Straight,Cell Phone Not In Use,None Apparent,HNBD,Driver,41,Female,Making Left Turn,Cell Phone Not In Use,None Apparent,HNBD,Lap/Shoulder Harness Used
201000060212,12/21/2010,06:49,Tuesday,SUNOL BL,ON RAMP SB I680 FROM EB SUNOL BL,6160498,2058231,37.63929314,-121.8854982,Property Damage Only,2,0,,Auto R/W Violation,No,Broadside,Other Motor Vehicle,No Pedestrian Involved,21801,,Cloudy,No Unusual Condition,Dark - Street Lights,None,Driver,60,Not Stated,Making Left Turn,Not Stated,Not Stated,HNBD,Driver,47,Not Stated,Proceeding Straight,Not Stated,Not Stated,HNBD,Lap/Shoulder Harness Used
201100056040,12/21/2011,15:20,Wednesday,NORTON WY,TAWNY DR,6169771.479,2066811.039,37.66330506,-121.8538647,Complaint of Pain,1,0,1,Ped R/W Violation,No,Vehicle - Pedestrian,Pedestrian,Crossing In Crosswalk at Intersection,21950,A,Clear,No Unusual Condition,Daylight,None,Driver,47,Female,Making Left Turn,Cell Phone Not In Use,Vision Obscurements,HNBD,Pedestrian,16,Female,Proceeding Straight,Cell Phone Not In Use,None Apparent,HNBD,
201100056088,12/21/2011,21:54,Wednesday,BERNAL AV,WINDMILL WY,6164779.678,2063171.547,37.65313553,-121.8709806,Property Damage Only,0,0,1,Driving Under Influence,No,Hit Object,Fixed Object,No Pedestrian Involved,23152,A,Clear,No Unusual Condition,Dark - Street Lights,None,Driver,39,Female,Making Left Turn,Cell Phone Not In Use,Violation,HBD Under Influence,,,,,,,,
2012-00047134,12/21/2012,12:25,Friday,SANTA RITA RD,SUTTER GATE AV,6163170.229,2075218.975,37.68615764,-121.8771571,Complaint of Pain,1,0,1,Unsafe Speed,No,Rear-End,Other Motor Vehicle,No Pedestrian Involved,22350,,Cloudy,No Unusual Condition,Daylight,Functioning,Driver,34,Female,Slowing/Stopping,Cell Phone Not In Use,None Apparent,HNBD,Driver,31,Female,Slowing/Stopping,Cell Phone Not In Use,None Apparent,HNBD,Lap/Shoulder Harness Used
2012-00047145,12/21/2012,14:21,Friday,ROSEWOOD DR,OLD SANTA RITA RD,6161244.025,2080448.307,37.70043656,-121.8840755,Property Damage Only,0,0,1,Auto R/W Violation,No,Broadside,Other Motor Vehicle,No Pedestrian Involved,21804,,Cloudy,No Unusual Condition,Daylight,None,Driver,36,Female,Entering Traffic,Cell Phone Not In Use,None Apparent,HNBD,Driver,46,Female,Proceeding Straight,Cell Phone Not In Use,None Apparent,HNBD,Lap/Shoulder Harness Used
2012-00047166,12/21/2012,17:29,Friday,GIBRALTAR DR,HACIENDA DR (N),6158370,2078636,37.69531938,-121.8938974,Complaint of Pain,2,0,1,Auto R/W Violation,No,Head-On,Other Motor Vehicle,No Pedestrian Involved,21801,,Raining,No Unusual Condition,Dark - Street Lights,Functioning,Driver,53,Male,Making Left Turn,Cell Phone Not In Use,None Apparent,HNBD,Driver,44,Female,Proceeding Straight,Cell Phone Not In Use,None Apparent,HNBD,Lap/Shoulder Harness Used
2012-00047200,12/21/2012,23:18,Friday,MORGANFIELD RD,SANTA RITA RD,6163837,2072650,37.67907939,-121.8746583,Property Damage Only,0,0,1,Driving Under Influence,No,Head-On,Fixed Object,No Pedestrian Involved,23152,A,Raining,No Unusual Condition,Dark - Street Lights,Functioning,Driver,28,Male,Making Right Turn,Cell Phone Not In Use,Violation,HBD Under Influence,,,,,,,,
201500045935,12/21/2015,,Monday,CANYON WY,STONERIDGE MALL RD,6147281.237,2079210.026,37.69643035,-121.932225,Property Damage Only,0,0,1,Improper Turning,Misdemeanor,Hit Object,Fixed Object,No Pedestrian Involved,22107,,Clear,No Unusual Condition,Dark - Street Lights,No Controls Present / Factor,Driver,,,Proceeding Straight,Cell Phone Not In Use,None Apparent,Impairment Not Known,,,,,,,,
201500045213,12/21/2015,17:19,Monday,HOPYARD RD,CLOROX WY,6155572,2078285,37.6942074,-121.9036591,Complaint of Pain,1,0,1,Traffic Signals and Signs,No,Broadside,Other Motor Vehicle,No Pedestrian Involved,21453,A,Raining,No Unusual Condition,Dark - Street Lights,Functioning,Driver,73,Female,Proceeding Straight,Cell Phone Not In Use,None Apparent,HNBD,Driver,24,Male,Making U Turn,Cell Phone Not In Use,None Apparent,HNBD,Lap/Shoulder Harness Used
201500045218,12/21/2015,18:11,Monday,HACIENDA DR,OFF RAMP WB I580 TO HACIENDA DR,6160109,2081379,37.70299241,-121.8879987,Complaint of Pain,1,0,1,Traffic Signals and Signs,No,Broadside,Other Motor Vehicle,No Pedestrian Involved,21453,A,Raining,,Dark - Street Lights,Functioning,Driver,37,Male,Proceeding Straight,Cell Phone Not In Use,Inattention,HNBD,Driver,49,Male,Making Left Turn,Cell Phone Not In Use,None Apparent,HNBD,Lap/Shoulder Harness Used
201500045243,12/21/2015,22:43,Monday,BERNAL AV,VALLEY AV (W),6157975.937,2065224.578,37.658441,-121.8945933,Property Damage Only,0,0,1,Driving Under Influence,No,Other,Fixed Object,No Pedestrian Involved,23152,B,Raining,No Unusual Condition,Dark - Street Lights,Functioning,Driver,34,Male,Other Unsafe Turning,Cell Phone Not In Use,Violation,HBD Under Influence,,,,,,,,
201600046673,12/21/2016,20:37,Wednesday,SANTA RITA RD,STONERIDGE DR,6163003,2075864,37.687929,-121.877735,Severe Injury,1,0,1,Auto R/W Violation,No,Broadside,Other Motor Vehicle,No Pedestrian Involved,21802,B,Clear,No Unusual Condition,Dark - Street Lights,Functioning,Driver,34,Male,Stopped In Road,Cell Phone Not In Use,Violation,HBD Impairment Unknown,Driver,41,Female,Making Left Turn,Cell Phone Not In Use,,HNBD,Lap/Shoulder Harness Used
201700052198,12/21/2017,07:23,Thursday,STANLEY BL,VALLEY AV,6168645,2069401,37.67030527,-121.8580016,Property Damage Only,0,0,1,Unsafe Speed,No,Hit Object,Fixed Object,No Pedestrian Involved,22350,,Clear,No Unusual Condition,Daylight,Functioning,Driver,22,Female,Making Right Turn,Cell Phone Not In Use,Violation,HNBD,,,,,,,,
201700052234,12/21/2017,12:21,Thursday,LAS POSITAS BL,WILLOW RD,6157094.388,2074471.624,37.68385503,-121.8981645,Complaint of Pain,1,0,1,Unsafe Speed,No,Rear-End,Other Motor Vehicle,No Pedestrian Involved,22350,,Clear,Holes - Deep Ruts,Daylight,Functioning,Driver,58,Male,Proceeding Straight,Cell Phone Not In Use,Inattention,HNBD,Driver,62,Male,Stopped In Road,Cell Phone Not In Use,None Apparent,HNBD,Lap/Shoulder Harness Used
201700052250,12/21/2017,15:08,Thursday,OWENS DR,ROSEWOOD DR,6160779.609,2078519.535,37.69499954,-121.8855699,Property Damage Only,0,0,1,Improper Turning,No,Hit Object,Fixed Object,No Pedestrian Involved,22107,,Clear,No Unusual Condition,Daylight,No Controls Present / Factor,Driver,31,Female,Making Right Turn,Cell Phone Not In Use,Violation,HNBD,,,,,,,,
201800047962,12/21/2018,08:30,Friday,TOM BURNETT LN,JOHNSON DR,6154643.869,2077585.038,37.69228518,-121.9068666,Other Visible Injury,1,0,1,Ped R/W Violation,No,Vehicle - Pedestrian,Pedestrian,Crossing In Crosswalk At Intersection,21950,A,Clear,No Unusual Condition,Daylight,No Controls Present / Factor,Driver,,Not Stated,Making Left Turn,Not Stated,None Apparent,Impairment Not Known,Pedestrian,26,Female,Other,Not Stated,None Stated,Not Stated,
201800047989,12/21/2018,18:01,Friday,STONERIDGE DR,LAS POSITAS BL,6160652.97,2076436.308,37.68927862,-121.8860079,Complaint of Pain,2,0,1,Unsafe Speed,No,Rear-End,Other Motor Vehicle,No Pedestrian Involved,22350,,Clear,No Unusual Condition,Dark - Street Lights,Functioning,Driver,28,Female,Proceeding Straight,Cell Phone Not In Use,None Apparent,HNBD,Driver,24,Male,Slowing/Stopping,Cell Phone Not In Use,None Apparent,HNBD,Lap/Shoulder Harness Used
201000060547,12/22/2010,18:15,Wednesday,STONERIDGE MALL RD,MCWILLIAMS LN,6149764,2077775,37.69263594,-121.9235897,Property Damage Only,2,0,,Unsafe Speed,No,Rear-End,Other Motor Vehicle,No Pedestrian Involved,22350,,Clear,No Unusual Condition,Dark - Street Lights,Functioning,Driver,22,Not Stated,Proceeding Straight,Not Stated,Not Stated,HNBD,Driver,33,Not Stated,Stopped in Road,Not Stated,Not Stated,HNBD,Lap/Shoulder Harness Used
201100056145,12/22/2011,10:22,Thursday,STONERIDGE DR,JOHNSON DR,6152331.051,2076875.782,37.69016653,-121.9147184,Complaint of Pain,1,0,1,Unsafe Speed,No,Rear-End,Other Motor Vehicle,No Pedestrian Involved,22350,,Clear,No Unusual Condition,Daylight,Functioning,Driver,39,Female,Proceeding Straight,Cell Phone Not In Use,None Apparent,HNBD,Driver,61,Male,Stopped in Road,Cell Phone Not In Use,None Apparent,HNBD,Lap/Shoulder Harness Used
2012-00047264,12/22/2012,17:33,Saturday,STONERIDGE MALL RD,CANYON WY,6147543.248,2079475.028,37.6971581,-121.9313195,Complaint of Pain,1,0,1,Auto R/W Violation,No,Broadside,Other Motor Vehicle,No Pedestrian Involved,21804,A,Cloudy,No Unusual Condition,Dark - Street Lights,None,Driver,57,Male,Making Left Turn,Cell Phone Not In Use,None Apparent,HNBD,Driver,17,Male,Proceeding Straight,Cell Phone Not In Use,Defective Vehicle Equipment,HNBD,Lap/Shoulder Harness Used
201300044803,12/22/2013,20:08,Sunday,HOPYARD RD,STONERIDGE DR,6155541,2077290,37.69147495,-121.9037662,Other Visible Injury,1,0,1,Auto R/W Violation,No,Head-On,Other Motor Vehicle,No Pedestrian Involved,21453,C,Clear,No Unusual Condition,Dark - Street Lights,Functioning,Driver,17,Female,Making Left Turn,Cell Phone Not In Use,,HNBD,Driver,50,Male,Proceeding Straight,Cell Phone Not In Use,None Apparent,HNBD,Lap/Shoulder Harness Used
201400048375,12/22/2014,06:30,Monday,VIA DI SALERNO,CONTI CT,6183464.286,2059583.998,37.64396987,-121.806267,Property Damage Only,0,0,1,Improper Turning,No,Hit Object,Fixed Object,No Pedestrian Involved,22107,,Cloudy,No Unusual Condition,Dark - No Street Lights,No Controls Present / Factor,Driver,18,Male,Ran Off Road,Cell Phone Not In Use,Violation,Sleepy - Fatigued,,,,,,,,
201400048384,12/22/2014,09:32,Monday,TAWNY DR,TOURIGA DR,6170227.001,2066851.181,37.6634153,-121.8522911,Other Visible Injury,1,0,1,Unsafe Speed,No,Other,Non-Collision,No Pedestrian Involved,22350,,Clear,No Unusual Condition,Daylight,No Controls Present / Factor,Bicyclist,19,Female,Proceeding Straight,Cell Phone Not In Use,None Apparent,HNBD,,,,,,,,
201700052492,12/22/2017,20:24,Friday,STANLEY BL,GYLES PL,6164569,2067897,37.66599464,-121.8718989,Complaint of Pain,1,0,1,Auto R/W Violation,No,Broadside,Other Motor Vehicle,No Pedestrian Involved,21802,A,Clear,No Unusual Condition,Dark - Street Lights,Functioning,Driver,42,Female,Making Left Turn,Cell Phone Not In Use,None Apparent,HNBD,Driver,60,Male,Proceeding Straight,Cell Phone Not In Use,None Apparent,HNBD,Lap/Shoulder Harness Used
201800048095,12/22/2018,14:14,Saturday,MAIN ST,ANGELA ST,6163271.681,2065556.871,37.65956818,-121.8763805,Property Damage Only,0,0,1,Ped R/W Violation,No,Vehicle - Pedestrian,Pedestrian,Crossing In Crosswalk At Intersection,21950,A,Clear,No Unusual Condition,Daylight,Functioning,Driver,,Male,Proceeding Straight,Not Stated,None Stated,Not Stated,Pedestrian,32,Male,Proceeding Straight,Cell Phone Not In Use,None Apparent,HNBD,
201800048126,12/22/2018,18:00,Saturday,FOOTHILL RD,CANYON WY,6146742.606,2078881.097,37.69552705,-121.9340866,Other Visible Injury,2,0,1,Unsafe Lane Change,No,Overturned,Other Motor Vehicle,No Pedestrian Involved,21658,A,Cloudy,No Unusual Condition,Dark - Street Lights,Functioning,Driver,45,Female,Changing Lanes,Cell Phone Not In Use,None Apparent,HNBD,Driver,62,Male,Proceeding Straight,Cell Phone Not In Use,None Apparent,HNBD,Lap/Shoulder Harness Used
201000060699,12/23/2010,14:08,Thursday,RAY ST,FIRST ST,6165050.104,2066832.811,37.66307217,-121.870237,Property Damage Only,1,0,,Auto R/W Violation,No,Broadside,Other Motor Vehicle,No Pedestrian Involved,21804,,Clear,No Unusual Condition,Daylight,Functioning,Driver,35,Not Stated,Making Left Turn,Not Stated,Not Stated,HNBD,Driver,17,Female,Proceeding Straight,Cell Phone Not In Use,None Apparent,HNBD,Lap/Shoulder Harness Used
201000060713,12/23/2010,15:11,Thursday,HACIENDA DR,OFF RAMP EB I580 TO HACIENDA DR,6160110.287,2080746.883,37.7012565,-121.8879941,Property Damage Only,0,0,,Unsafe Speed,No,Rear-End,Other Motor Vehicle,No Pedestrian Involved,22350,,Clear,No Unusual Condition,Daylight,None,Driver,51,Not Stated,Proceeding Straight,Not Stated,Not Stated,HNBD,Driver,51,Not Stated,Proceeding Straight,Not Stated,Not Stated,HNBD,Lap/Shoulder Harness Used
201156305,12/23/2011,15:03,Friday,SPRINGDALE AV,STONERIDGE MALL RD,6148876.216,2077821.731,37.69261784,-121.926713,Property Damage Only,0,0,1,Auto R/W Violation,No,Broadside,Other Motor Vehicle,No Pedestrian Involved,21800,A,Clear,No Unusual Condition,Daylight,Functioning,Driver,16,Female,Making U Turn,Cell Phone Not In Use,None Apparent,HNBD,Driver,29,Female,Making Left Turn,Cell Phone Not In Use,None Apparent,HNBD,Lap/Shoulder Harness Used
201156315,12/23/2011,16:10,Friday,STONERIDGE DR,CHABOT DR,6156218,2077273,37.69142826,-121.9014267,Property Damage Only,0,0,1,Auto R/W Violation,No,Broadside,Other Motor Vehicle,No Pedestrian Involved,21801,A,Clear,No Unusual Condition,Daylight,Functioning,Driver,82,Male,Making Left Turn,Cell Phone Not In Use,None Apparent,HNBD,Driver,52,Male,Proceeding Straight,Cell Phone Not In Use,None Apparent,HNBD,Lap/Shoulder Harness Used
2012-00047349,12/23/2012,11:30,Sunday,HACIENDA DR,GIBRALTAR DR (N),6158370,2078636,37.69531938,-121.8938974,Complaint of Pain,2,0,,Traffic Signals and Signs,No,Broadside,Other Motor Vehicle,No Pedestrian Involved,21453,A,Raining,No Unusual Condition,Daylight,Functioning,Driver,30,Female,Proceeding Straight,Cell Phone Not In Use,None Apparent,HNBD,Driver,31,Female,Proceeding Straight,Cell Phone Not In Use,None Apparent,HNBD,Lap/Shoulder Harness Used
2012-00047379,12/23/2012,17:30,Sunday,RUBY HILL DR,ROMANO CI (N),6180333.946,2058269.663,37.64022848,-121.817029,Property Damage Only,0,0,1,Unsafe Speed,No,Hit Object,Other Object,No Pedestrian Involved,22350,,Raining,No Unusual Condition,Dark - Street Lights,None,Driver,16,Male,Proceeding Straight,Cell Phone Not In Use,None Apparent,HNBD,,,,,,,,
2012-00047392,12/23/2012,20:02,Sunday,BERNAL AV,TAWNY DR,6168961,2066658,37.66288479,-121.8566645,Complaint of Pain,2,0,1,Auto R/W Violation,No,Broadside,Other Motor Vehicle,No Pedestrian Involved,21801,A,Cloudy,No Unusual Condition,Dark - Street Lights,Functioning,Driver,16,Female,Making Left Turn,,Violation,HNBD,Driver,21,Male,Proceeding Straight,,None Apparent,HNBD,Lap/Shoulder Harness Used
201300044871,12/23/2013,14:10,Monday,OLYMPIC CT,VALLEY TRAILS DR,6154869,2072387,37.67797382,-121.9058496,Complaint of Pain,1,0,2,Auto R/W Violation,No,Broadside,Other Motor Vehicle,No Pedestrian Involved,21800,A,Clear,No Unusual Condition,Daylight,No Controls Present / Factor,Driver,32,Male,Proceeding Straight,Cell Phone Not In Use,,HNBD,Driver,42,Male,Proceeding Straight,Cell Phone Not In Use,None Apparent,HNBD,Lap/Shoulder Harness Used
201400048523,12/23/2014,12:20,Tuesday,FIRST ST,RAY ST,6165161,2066828,37.66305896,-121.869854,Complaint of Pain,1,0,1,Driving Under Influence,No,Broadside,Other Motor Vehicle,No Pedestrian Involved,23153,A,Clear,No Unusual Condition,Daylight,Functioning,Driver,43,Female,Proceeding Straight,Cell Phone Not In Use,None Apparent,HNBD,Driver,83,Female,Proceeding Straight,Cell Phone Not In Use,None Apparent,HNBD,Lap/Shoulder Harness Used
201400048578,12/23/2014,17:09,Tuesday,FIRST ST,NEAL ST,6164025.688,2065574.434,37.65961642,-121.8737759,Property Damage Only,0,0,1,Improper Passing,No,Sideswipe,Other Motor Vehicle,No Pedestrian Involved,21755,,Clear,No Unusual Condition,Dark - Street Lights,Functioning,Driver,62,Female,Proceeding Straight,Cell Phone Not In Use,None Apparent,HNBD,Driver,42,Male,Making Right Turn,Cell Phone Not In Use,None Apparent,HNBD,Lap/Shoulder Harness Used
201500045470,12/23/2015,15:11,Wednesday,LAS POSITAS BL,PIMLICO DR,6167344.005,2078585.494,37.69548615,-121.8630075,Property Damage Only,0,0,1,Improper Turning,No,Hit Object,Fixed Object,No Pedestrian Involved,22107,,Clear,No Unusual Condition,Daylight,Functioning,Driver,19,Male,Making Right Turn,Cell Phone Not In Use,None Apparent,HNBD,,,,,,,,
201500045492,12/23/2015,18:39,Wednesday,ROSEWOOD DR,SANTA RITA RD,6163656.639,2079638.953,37.69821393,-121.875737,Property Damage Only,0,0,1,Driving Under Influence,Misdemeanor,Rear-End,Other Motor Vehicle,No Pedestrian Involved,23152,A,Clear,No Unusual Condition,Dark - Street Lights,Functioning,Driver,37,Male,Proceeding Straight,Cell Phone Not In Use,Violation,HBD Under Influence,Driver,68,Female,Stopped In Road,Cell Phone Not In Use,None Apparent,HNBD,Lap/Shoulder Harness Used
201600046897,12/23/2016,01:03,Friday,ROSEWOOD DR,SANTA RITA RD,6163882.186,2079135.881,37.69683241,-121.8749576,Property Damage Only,0,0,1,Improper Turning,Misdemeanor,Hit Object,Fixed Object,No Pedestrian Involved,22107,,Cloudy,No Unusual Condition,Dark - Street Lights,Functioning,Driver,,,Making Right Turn,Cell Phone Not In Use,Violation,Impairment Not Known,,,,,,,,
201700000410,12/23/2016,14:15,Friday,HACIENDA DR,OWENS DR,6160085.874,2080025.27,37.69913456,-121.8879672,Property Damage Only,0,0,1,Unsafe Speed,No,Rear-End,Other Motor Vehicle,No Pedestrian Involved,22350,,Raining,No Unusual Condition,Daylight,Not Functioning,Driver,30,Male,Proceeding Straight,,None Apparent,HNBD,Driver,67,Female,Stopped In Road,Cell Phone Not In Use,None Apparent,HNBD,Lap/Shoulder Harness Used
201700053522,12/23/2017,17:03,Saturday,SAN ANTONIO ST,SAN JOSE DR,6163383.966,2061672.004,37.64887596,-121.875816,Property Damage Only,0,0,1,Auto R/W Violation,No,Broadside,Other Motor Vehicle,No Pedestrian Involved,21804,A,Clear,No Unusual Condition,Dark - Street Lights,No Controls Present / Factor,Driver,80,Female,Proceeding Straight,Cell Phone Not In Use,None Stated,HNBD,Driver,69,Female,Proceeding Straight,Cell Phone Not In Use,None Stated,HNBD,Lap/Shoulder Harness Used
201100056500,12/24/2011,10:33,Saturday,LAS POSITAS BL,HOPYARD RD,6155426.886,2073775.493,37.68178688,-121.9039219,Complaint of Pain,1,0,1,Unsafe Speed,No,Other,Other Object,No Pedestrian Involved,22350,,Clear,No Unusual Condition,Daylight,None,Bicyclist,48,Male,Making Right Turn,Cell Phone Not In Use,Other,HNBD,,,,,,,,
201400048674,12/24/2014,14:26,Wednesday,BERNAL AV,KOLL CENTER DR,6156455.103,2064856.349,37.65742976,-121.8998467,Complaint of Pain,1,0,1,Unsafe Speed,No,Rear-End,Other Motor Vehicle,No Pedestrian Involved,22350,,Raining,No Unusual Condition,Daylight,Functioning,Driver,43,Male,Proceeding Straight,Cell Phone Not In Use,Inattention,HNBD,Driver,53,Male,Stopped In Road,Cell Phone Not In Use,None Apparent,HNBD,Lap/Shoulder Harness Used
201400048675,12/24/2014,14:49,Wednesday,STONERIDGE DR,CHABOT DR,6156218,2077273,37.69142826,-121.9014267,Complaint of Pain,5,0,,Traffic Signals and Signs,No,Broadside,Other Motor Vehicle,No Pedestrian Involved,21453,A,Raining,No Unusual Condition,Daylight,Functioning,Driver,44,Male,Proceeding Straight,Cell Phone Not In Use,None Apparent,HNBD,Driver,37,Female,Proceeding Straight,Cell Phone Not In Use,None Apparent,HNBD,Lap/Shoulder Harness Used
201600047054,12/24/2016,10:48,Saturday,HOPYARD RD,ARTHUR DR,6156080.977,2072647.267,37.67876989,-121.9014576,Complaint of Pain,1,0,1,Unsafe Speed,No,Rear-End,Other Motor Vehicle,No Pedestrian Involved,22350,,Clear,No Unusual Condition,Daylight,Functioning,Driver,50,Female,Proceeding Straight,Cell Phone Not In Use,None Apparent,HNBD,Driver,65,Male,Stopped In Road,Cell Phone Not In Use,None Apparent,HNBD,Lap/Shoulder Harness Used