Report Number,Date,Time,Collision Day of Week,Primary Road,Secondary Road,X,Y,Latitude,Longitude,Highest Degree of Injury,Number Injured,Number Killed,Party at Fault,Primary Collision Factor,Hit and Run,Collision Type,Involved With,Pedestrian Action,Violation,Violation Subsection,Weather,Road Condition1,Lighting,Right of Way Controls,Party Type 1,Party Age 1,Party Sex 1,Movement Preceding Collision 1,special information 1,Associated Cause - Factor 1 1,Party Sobriety 1 1,Party Type 2,Party Age 2,Party Sex 2,Movement Preceding Collision 2,special information 2,Associated Cause - Factor 1 2,Party Sobriety 1 2,Safety Equipment 2
201600047058,12/24/2016,11:08,Saturday,HOPYARD RD,CLOROX WY,6155572,2078285,37.6942074,-121.9036591,Complaint of Pain,1,0,1,Traffic Signals and Signs,No,Head-On,Other Motor Vehicle,No Pedestrian Involved,21453,A,Clear,No Unusual Condition,Daylight,Functioning,Driver,34,Male,Proceeding Straight,Cell Phone Not In Use,Inattention,HNBD,Driver,31,Female,Making Left Turn,Cell Phone Not In Use,None Apparent,HNBD,Lap/Shoulder Harness Used
201600047116,12/24/2016,22:35,Saturday,LAS POSITAS BL,SANTA RITA RD,6162819,2077378,37.69208672,-121.8783709,Property Damage Only,0,0,1,Unsafe Starting or Backing,No,Broadside,Other Motor Vehicle,No Pedestrian Involved,22106,,Clear,No Unusual Condition,Dark - Street Lights,Functioning,Driver,32,Male,Proceeding Straight,Cell Phone Not In Use,,HNBD,Driver,54,Female,Making Left Turn,Cell Phone Not In Use,None Apparent,HNBD,Lap/Shoulder Harness Used
201800048346,12/24/2018,19:02,Monday,HACIENDA DR,OFF RAMP WB I580 TO HACIENDA DR,6160109,2081379,37.70299241,-121.8879987,Complaint of Pain,1,0,1,Traffic Signals and Signs,No,Broadside,Other Motor Vehicle,No Pedestrian Involved,21453,A,Cloudy,No Unusual Condition,Dark - Street Lights,Functioning,Driver,28,Male,Proceeding Straight,Cell Phone Not In Use,None Apparent,HNBD,Driver,69,Male,Making Left Turn,Cell Phone Not In Use,None Apparent,HNBD,Lap/Shoulder Harness Used
2012-00047496,12/25/2012,06:00,Tuesday,VALLEY AV,STANLEY BL,6168638.014,2069439.369,37.67041063,-121.8580257,Property Damage Only,0,0,1,Improper Turning,No,Hit Object,Fixed Object,No Pedestrian Involved,22107,,Clear,No Unusual Condition,Dark - Street Lights,None,Driver,,,Other Unsafe Turning,,None Apparent,Impairment Not Known,,,,,,,,
201400048736,12/25/2014,21:43,Thursday,JOHNSON DR,COMMERCE DR,6151141.125,2080851.259,37.70125481,-121.9189735,Other Visible Injury,1,0,1,Driving Under Influence,No,Hit Object,Fixed Object,No Pedestrian Involved,23152,A,Clear,No Unusual Condition,Dark - Street Lights,No Controls Present / Factor,Driver,51,Male,Proceeding Straight,Cell Phone Handheld In Use,Inattention,HBD Under Influence,,,,,,,,
201800048405,12/25/2018,20:10,Tuesday,STANLEY BL,BERNAL AV,6168391.767,2069342.067,37.67014342,-121.8588764,Property Damage Only,0,0,1,Improper Turning,No,Hit Object,Fixed Object,No Pedestrian Involved,22107,,Clear,No Unusual Condition,Dark - Street Lights,No Controls Present / Factor,Driver,48,Male,Proceeding Straight,Cell Phone Not In Use,None Apparent,HNBD,,,,,,,,
201000061034,12/26/2010,12:37,Sunday,DOUGHERTY RD,OFF RAMP WB I580 TO DOUGHERTY RD,6154349.509,2081498.606,37.70303254,-121.9078845,Property Damage Only,0,0,,Unsafe Speed,No,Rear-End,Other Motor Vehicle,No Pedestrian Involved,22350,,Cloudy,No Unusual Condition,Daylight,Functioning,Driver,47,Not Stated,Proceeding Straight,Not Stated,Not Stated,HNBD,Driver,35,Not Stated,Stopped in Road,Not Stated,Not Stated,HNBD,Lap/Shoulder Harness Used
201000061146,12/26/2010,23:30,Sunday,FRANKLIN DR,JOHNSON DR (N),6153893.075,2078778.542,37.69556276,-121.9094615,Property Damage Only,0,0,,Unsafe Speed,No,Hit Object,Fixed Object,No Pedestrian Involved,22350,,Cloudy,No Unusual Condition,Dark - Street Lights,None,Driver,37,Not Stated,Making Left Turn,Not Stated,Not Stated,HNBD,,,,,,,,
201156660,12/26/2011,17:15,Monday,HACIENDA DR,GIBRALTAR DR (N),6158370,2078636,37.69531938,-121.8938974,Complaint of Pain,1,0,1,Auto R/W Violation,No,Broadside,Other Motor Vehicle,No Pedestrian Involved,21801,,Clear,No Unusual Condition,Dusk - Dawn,Functioning,Driver,43,Female,Making Left Turn,Cell Phone Not In Use,None Apparent,HNBD,Driver,55,Female,Proceeding Straight,Cell Phone Not In Use,None Apparent,HNBD,Lap/Shoulder Harness Used
201300045118,12/26/2013,13:17,Thursday,HOPYARD RD,STONERIDGE DR,6155525.892,2077042.787,37.69079606,-121.9038185,Complaint of Pain,1,0,1,Unsafe Lane Change,No,Sideswipe,Other Motor Vehicle,No Pedestrian Involved,21658,A,Clear,No Unusual Condition,Daylight,No Controls Present / Factor,Driver,43,Male,Changing Lanes,Cell Phone Not In Use,None Apparent,HNBD,Driver,19,Female,Proceeding Straight,Cell Phone Not In Use,None Apparent,HNBD,Lap/Shoulder Harness Used
201400048797,12/26/2014,13:24,Friday,CANYON CREEK CI,DUBLIN CANYON RD,6141311.092,2079474.379,37.69687108,-121.9528841,Complaint of Pain,1,0,1,Unsafe Starting or Backing,No,Broadside,Other Motor Vehicle,No Pedestrian Involved,22106,,Clear,No Unusual Condition,Daylight,No Controls Present / Factor,Driver,32,Female,Backing,Cell Phone Not In Use,None Apparent,HNBD,Driver,73,Male,Proceeding Straight,Cell Phone Not In Use,None Apparent,HNBD,Lap/Shoulder Harness Used
201500045668,12/26/2015,12:33,Saturday,DOUGHERTY RD,OFF RAMP WB I580 TO DOUGHERTY RD,6154323,2081541,37.70314896,-121.9079761,Complaint of Pain,3,0,1,Traffic Signals and Signs,No,Broadside,Other Motor Vehicle,No Pedestrian Involved,21453,A,Clear,No Unusual Condition,Daylight,Functioning,Driver,52,Female,Proceeding Straight,Cell Phone Not In Use,Inattention,HNBD,Driver,33,Male,Making Left Turn,Cell Phone Not In Use,None Apparent,HNBD,Lap/Shoulder Harness Used
201600047200,12/26/2016,11:27,Monday,FOOTHILL RD,ON RAMP EB I580 FROM NB FOOTHILL RD,6146512.831,2079834.97,37.69814656,-121.9348807,Complaint of Pain,2,0,1,Unsafe Speed,No,Rear-End,Other Motor Vehicle,No Pedestrian Involved,22350,,Clear,No Unusual Condition,Daylight,Functioning,Driver,42,Female,Proceeding Straight,Cell Phone Not In Use,Inattention,HNBD,Driver,35,Male,Stopped In Road,Cell Phone Not In Use,None Apparent,HNBD,Lap/Shoulder Harness Used
201700052851,12/26/2017,02:20,Tuesday,CHOCOLATE ST,PERSIMMON WY,6169764.425,2077071.996,37.69130279,-121.8544171,Other Visible Injury,4,0,1,Unsafe Speed,No,Hit Object,Fixed Object,No Pedestrian Involved,22350,,Clear,No Unusual Condition,Dark - Street Lights,No Controls Present / Factor,Driver,18,Male,Proceeding Straight,Cell Phone Not In Use,None Apparent,HNBD,,,,,,,,
201700052954,12/26/2017,17:27,Tuesday,HOPYARD RD,LAS POSITAS BL,6155406.514,2073733.239,37.68167084,-121.9039923,Property Damage Only,0,0,1,Driving Under Influence,No,Rear-End,Other Motor Vehicle,No Pedestrian Involved,23152,A,Clear,No Unusual Condition,Dark - Street Lights,Functioning,Driver,52,Female,Proceeding Straight,Cell Phone Not In Use,Violation,HBD Impairment Unknown,Driver,29,Female,Stopped In Road,Cell Phone Not In Use,None Apparent,HNBD,Lap/Shoulder Harness Used
201700052974,12/26/2017,19:13,Tuesday,EL CHARRO RD,STONERIDGE DR,6171611.098,2079775.846,37.69894526,-121.8482337,Severe Injury,1,0,1,Pedestrian Violation,No,Vehicle - Pedestrian,Pedestrian,In Road,21955,,Clear,No Unusual Condition,Dark - Street Lights,No Controls Present / Factor,Pedestrian,37,Male,Proceeding Straight,Not Stated,Violation,HNBD,Driver,33,Female,Proceeding Straight,Cell Phone Not In Use,None Apparent,HNBD,Lap/Shoulder Harness Used
201700052987,12/26/2017,22:09,Tuesday,HEARST DR,REMILLARD CT,6168871.249,2063246.171,37.65352691,-121.8568085,Complaint of Pain,1,0,1,Unsafe Starting or Backing,No,Hit Object,Other Object,No Pedestrian Involved,22106,,Clear,No Unusual Condition,Dark - Street Lights,No Controls Present / Factor,Driver,57,Male,Backing,Cell Phone Not In Use,Runaway Vehicle,HNBD,,,,,,,,
201100056778,12/27/2011,18:03,Tuesday,HACIENDA DR,OWENS DR,6159996.64,2079777.779,37.69845491,-121.8882756,Other Visible Injury,2,0,1,Unsafe Speed,No,Rear-End,Other Motor Vehicle,No Pedestrian Involved,22350,,Clear,No Unusual Condition,Dark - Street Lights,Functioning,Driver,27,Female,Proceeding Straight,Cell Phone Not In Use,Inattention,HNBD,Driver,46,Female,Stopped in Road,Cell Phone Not In Use,None Apparent,HNBD,Lap/Shoulder Harness Used
2012-00047701,12/27/2012,14:29,Thursday,RUBY HILL DR,VALLECITOS RD,6184659,2055510,37.63277347,-121.8019749,Property Damage Only,0,0,1,Driving Under Influence,No,Hit Object,Fixed Object,No Pedestrian Involved,23152,A,Clear,No Unusual Condition,Daylight,Functioning,Driver,18,Male,Making Right Turn,Cell Phone Not In Use,Violation,HBD Under Influence,,,,,,,,
201300045338,12/27/2013,22:48,Friday,WILLOW RD,OWENS DR,6157170,2080341,37.69985355,-121.8981361,Property Damage Only,0,0,1,Auto R/W Violation,No,Head-On,Other Motor Vehicle,No Pedestrian Involved,21801,A,Clear,No Unusual Condition,Dark - Street Lights,Functioning,Driver,23,Female,Making Left Turn,Cell Phone Not In Use,None Apparent,HNBD,Driver,18,Male,Proceeding Straight,Cell Phone Not In Use,None Apparent,HNBD,Lap/Shoulder Harness Used
201400049004,12/27/2014,23:24,Saturday,VINEYARD AV,FIRST ST,6165334.828,2066820.267,37.66303772,-121.8692535,Other Visible Injury,1,0,1,Unsafe Speed,No,Head-On,Fixed Object,No Pedestrian Involved,22350,,Clear,No Unusual Condition,Dark - Street Lights,No Controls Present / Factor,Bicyclist,60,Male,Proceeding Straight,Cell Phone Not In Use,Inattention,HNBD,,,,,,,,
201500045768,12/27/2015,17:10,Sunday,HACIENDA DR,OFF RAMP EB I580 TO HACIENDA DR,6160102,2080416,37.70020758,-121.8879114,Property Damage Only,0,0,1,Traffic Signals and Signs,No,Broadside,Other Motor Vehicle,No Pedestrian Involved,21453,A,Cloudy,No Unusual Condition,Dark - Street Lights,Functioning,Driver,20,Male,Proceeding Straight,Cell Phone Not In Use,None Apparent,HNBD,Driver,31,Female,Making Left Turn,Cell Phone Not In Use,None Apparent,HNBD,Lap/Shoulder Harness Used
201500045775,12/27/2015,19:06,Sunday,SANTA RITA RD,BLACK AV (W),6164448.145,2070140.997,37.67218919,-121.8725467,Other Visible Injury,1,0,1,Auto R/W Violation,No,Broadside,Bicycle,No Pedestrian Involved,21804,A,Clear,No Unusual Condition,Dark - Street Lights,Functioning,Bicyclist,17,Male,Entering Traffic,Cell Phone Not In Use,Violation,HNBD,Driver,49,Male,Making Right Turn,Cell Phone Not In Use,None Apparent,HNBD,Lap/Shoulder Harness Used
201700053140,12/27/2017,21:27,Wednesday,RUBY HILL DR,AVIO CT,6181930.783,2062343.211,37.65148692,-121.8117961,Property Damage Only,0,0,1,Improper Turning,No,Hit Object,Other Object,No Pedestrian Involved,22107,,Clear,No Unusual Condition,Dark - Street Lights,No Controls Present / Factor,Driver,18,Male,Other Unsafe Turning,Cell Phone Not In Use,None Apparent,HNBD,,,,,,,,
201800048607,12/27/2018,11:45,Thursday,VINEYARD AV,MANOIR LN,6177287.215,2065853.92,37.66095489,-121.8279241,Property Damage Only,0,0,1,Improper Turning,No,Hit Object,Fixed Object,No Pedestrian Involved,22107,,Clear,No Unusual Condition,Daylight,No Controls Present / Factor,Driver,19,Male,Proceeding Straight,Cell Phone Not In Use,None Apparent,HNBD,,,,,,,,
201800048626,12/27/2018,14:51,Thursday,ANDREWS DR,OLD SANTA RITA RD,6162379.749,2078723.284,37.69569934,-121.8801501,Property Damage Only,0,0,1,Improper Turning,No,Hit Object,Fixed Object,No Pedestrian Involved,22107,,Clear,No Unusual Condition,Daylight,No Controls Present / Factor,Driver,36,Female,Making Right Turn,Cell Phone Not In Use,None Apparent,HNBD,,,,,,,,
201000061387,12/28/2010,14:13,Tuesday,STONERIDGE DR,OFF RAMP SB I680 TO STONERIDGE DR,6150376.022,2077092.35,37.69076126,-121.9214746,Property Damage Only,0,0,,Unsafe Speed,No,Rear-End,Other Motor Vehicle,No Pedestrian Involved,22350,,Raining,No Unusual Condition,Daylight,Functioning,Driver,,Not Stated,Proceeding Straight,Not Stated,Not Stated,Impairment Not Known,Driver,19,Not Stated,Stopped in Road,Not Stated,Not Stated,HNBD,Lap/Shoulder Harness Used
201600047431,12/28/2016,04:50,Wednesday,STONERIDGE DR,LAS POSITAS BL,6161380.566,2075940.852,37.68814005,-121.8833416,Property Damage Only,0,0,1,Driving Under Influence,No,Hit Object,Fixed Object,No Pedestrian Involved,23152,B,Clear,No Unusual Condition,Dark - Street Lights,No Controls Present / Factor,Driver,26,Male,Proceeding Straight,Cell Phone Not In Use,Violation,HBD Under Influence,,,,,,,,
201800048765,12/28/2018,17:54,Friday,LAS POSITAS BL,OWENS DR,6161794.881,2077122.741,37.69138574,-121.88191,Complaint of Pain,1,0,1,Improper Turning,No,Head-On,Other Motor Vehicle,No Pedestrian Involved,22107,,Clear,No Unusual Condition,Dusk - Dawn,Functioning,Driver,25,Female,Making Right Turn,Cell Phone Not In Use,None Apparent,HNBD,Driver,41,Female,Proceeding Straight,Cell Phone Not In Use,None Apparent,HNBD,Lap/Shoulder Harness Used
201000061514,12/29/2010,10:28,Wednesday,SUNOL BL,BERNAL AV,6162867.867,2064321.851,37.65617657,-121.8777752,Property Damage Only,0,0,,Unsafe Speed,No,Rear-End,Other Motor Vehicle,No Pedestrian Involved,22350,,Clear,No Unusual Condition,Daylight,Functioning,Driver,48,Not Stated,Proceeding Straight,Not Stated,Not Stated,HNBD,Driver,65,Not Stated,Proceeding Straight,Not Stated,Not Stated,HNBD,Lap/Shoulder Harness Used
201100056973,12/29/2011,08:59,Thursday,HACIENDA DR,OFF RAMP EB I580 TO HACIENDA DR,6160102,2080416,37.70020758,-121.8879114,Other Visible Injury,1,0,,Unknown,No,Overturned,Other Motor Vehicle,No Pedestrian Involved,,,Clear,No Unusual Condition,Daylight,Functioning,Driver,54,Male,Proceeding Straight,Cell Phone Not In Use,None Apparent,HNBD,Driver,52,Female,Making Left Turn,Cell Phone Not In Use,None Apparent,HNBD,Lap/Shoulder Harness Used
201156978,12/29/2011,10:36,Thursday,SUNOL BL,ON RAMP NB I680 FROM EB SUNOL BL,6160927,2058505,37.6400456,-121.8840166,Property Damage Only,0,0,1,Auto R/W Violation,No,Broadside,Other Motor Vehicle,No Pedestrian Involved,21802,A,Clear,No Unusual Condition,Daylight,Functioning,Driver,38,Male,Proceeding Straight,Cell Phone Not In Use,None Apparent,HNBD,Driver,51,Male,Proceeding Straight,Cell Phone Not In Use,None Apparent,HNBD,Lap/Shoulder Harness Used
201700053381,12/29/2017,16:30,Friday,MOLLER RANCH DR,FOOTHILL RD,6147974.905,2075143.325,37.68530235,-121.9297082,Property Damage Only,0,0,1,Improper Turning,No,Hit Object,Fixed Object,No Pedestrian Involved,22107,,Clear,No Unusual Condition,Daylight,No Controls Present / Factor,Driver,,,Making Right Turn,Not Stated,None Apparent,Not Applicable,,,,,,,,
201000057443,12/3/2010,21:04,Friday,OWENS DR,JOHNSON CT,6155184,2079845,37.69849144,-121.9050001,Property Damage Only,0,0,,Driving Under Influence,No,Hit Object,Fixed Object,Not in Road,23152,,Cloudy,No Unusual Condition,Dark - Street Lights,Functioning,Driver,48,Not Stated,Proceeding Straight,Not Stated,Not Stated,HBD Under Influence,,,,,,,,
201100053434,12/3/2011,21:18,Saturday,VALLEY AV,NORTHWAY RD (W),6158449.489,2071858.214,37.676603,-121.8932739,Property Damage Only,0,0,1,Unsafe Starting or Backing,No,Rear-End,Fixed Object,No Pedestrian Involved,22106,,Clear,No Unusual Condition,Dark - Street Lights,None,Driver,,Not Stated,Backing,Not Stated,None Apparent,Impairment Not Known,,,,,,,,
201100053429,12/3/2011,21:20,Saturday,CRESTLINE RD,NORTHWAY RD,6159916.217,2071094.646,37.67475552,-121.8881769,Property Damage Only,0,0,1,Improper Turning,No,Hit Object,Fixed Object,No Pedestrian Involved,22107,,Clear,No Unusual Condition,Dark - Street Lights,None,Driver,16,Male,Proceeding Straight,Cell Phone Not In Use,Violation,HNBD,,,,,,,,
201300042285,12/3/2013,16:18,Tuesday,FIRST ST,ABBIE ST,6163546.566,2065044.406,37.65816085,-121.8754309,Other Visible Injury,3,0,1,Unsafe Speed,No,Rear-End,Other Motor Vehicle,No Pedestrian Involved,22350,,Clear,No Unusual Condition,Dusk - Dawn,No Controls Present / Factor,Driver,26,Male,Proceeding Straight,Cell Phone Not In Use,Inattention,HNBD,Driver,43,Male,Stopped In Road,Cell Phone Not In Use,None Apparent,HNBD,Lap/Shoulder Harness Used
201300042295,12/3/2013,17:27,Tuesday,DOUGHERTY RD,OFF RAMP WB I580 TO DOUGHERTY RD,6154429.035,2081371.422,37.70268327,-121.9076096,Complaint of Pain,3,0,1,Unsafe Speed,No,Rear-End,Other Motor Vehicle,No Pedestrian Involved,22350,,Clear,No Unusual Condition,Dark - Street Lights,Functioning,Driver,22,Female,Proceeding Straight,Cell Phone Not In Use,Other,HNBD,Driver,39,Male,Stopped In Road,Cell Phone Not In Use,None Apparent,HNBD,Lap/Shoulder Harness Used
201400045824,12/3/2014,09:15,Wednesday,BERNAL AV,OLD BERNAL AV,6161767.191,2064643.054,37.65703506,-121.8814002,Property Damage Only,0,0,1,Auto R/W Violation,No,Broadside,Bicycle,No Pedestrian Involved,21804,A,Cloudy,No Unusual Condition,Daylight,Functioning,Bicyclist,13,Male,Proceeding Straight,Cell Phone Not In Use,None Apparent,HNBD,Driver,58,Male,Making Right Turn,Cell Phone Not In Use,None Apparent,HNBD,Lap/Shoulder Harness Used
201500043076,12/3/2015,20:14,Thursday,SANTA RITA RD,PIMLICO DR,6164708.11,2080273.03,37.70012043,-121.8721176,Property Damage Only,0,0,,Other Than Driver,No,Rear-End,Other Motor Vehicle,No Pedestrian Involved,,,Raining,No Unusual Condition,Dark - Street Lights,Functioning,Driver,19,Female,Stopped In Road,Cell Phone Not In Use,Violation,HNBD,Driver,,,Stopped In Road,Cell Phone Not In Use,Violation,Impairment Not Known,
201600044486,12/3/2016,17:13,Saturday,KAMP DR,STONERIDGE DR,6165148,2076230,37.6889341,-121.8703225,Complaint of Pain,1,0,1,Traffic Signals and Signs,No,Broadside,Bicycle,No Pedestrian Involved,21453,A,Clear,No Unusual Condition,Dark - Street Lights,Functioning,Bicyclist,16,Male,Proceeding Straight,Cell Phone Not In Use,Violation,HNBD,Driver,27,Female,Proceeding Straight,Cell Phone Not In Use,None Apparent,HNBD,Lap/Shoulder Harness Used
201600044488,12/3/2016,17:36,Saturday,SUNOL BL,ON RAMP NB I680 FROM EB SUNOL BL,6160927,2058505,37.6400456,-121.8840166,Complaint of Pain,1,0,1,Auto R/W Violation,No,Broadside,Other Motor Vehicle,No Pedestrian Involved,21801,A,Clear,No Unusual Condition,Dark - No Street Lights,No Controls Present / Factor,Driver,48,Female,Making Left Turn,Cell Phone Not In Use,None Apparent,HNBD,Driver,31,Female,Proceeding Straight,Cell Phone Not In Use,,HBD Not Under Influence,Lap/Shoulder Harness Used
201700049068,12/3/2017,09:19,Sunday,DOUGHERTY RD,OFF RAMP WB I580 TO DOUGHERTY RD,6154323,2081541,37.70314896,-121.9079761,Property Damage Only,0,0,1,Traffic Signals and Signs,No,Broadside,Other Motor Vehicle,No Pedestrian Involved,21453,A,Clear,No Unusual Condition,Daylight,Functioning,Driver,26,Female,Proceeding Straight,Cell Phone Not In Use,Vision Obscurements,HNBD,Driver,49,Male,Making Left Turn,Cell Phone Not In Use,None Apparent,HNBD,Lap/Shoulder Harness Used
201800045589,12/3/2018,15:34,Monday,LAS POSITAS BL,FIESTA DR,6159447.582,2075502.203,37.68668519,-121.8900329,Other Visible Injury,2,0,1,Auto R/W Violation,No,Broadside,Bicycle,No Pedestrian Involved,21804,A,Clear,No Unusual Condition,Daylight,No Controls Present / Factor,Driver,37,Female,Making Right Turn,Cell Phone Not In Use,None Apparent,HNBD,Bicyclist,13,Male,Proceeding Straight,Cell Phone Not In Use,None Apparent,HNBD,M/C Helmet Driver - Yes
201800045610,12/3/2018,18:04,Monday,FOOTHILL RD,CANYON WY,6146846.131,2078629.638,37.6948365,-121.9337288,Other Visible Injury,1,0,1,Unsafe Speed,No,Rear-End,Other Motor Vehicle,No Pedestrian Involved,22350,,Clear,No Unusual Condition,Dark - Street Lights,Functioning,Driver,30,Male,Proceeding Straight,Cell Phone Handsfree In Use,Inattention,HNBD,Driver,50,Female,Stopped In Road,Cell Phone Not In Use,None Apparent,HNBD,Lap/Shoulder Harness Used
201000061727,12/30/2010,19:07,Thursday,SPRING ST,RAILROAD AV,6164008.167,2066673.468,37.66263458,-121.8738364,Property Damage Only,0,0,,Improper Turning,No,Head-On,Fixed Object,No Pedestrian Involved,22107,,Clear,No Unusual Condition,Dark - Street Lights,None,Driver,,Not Stated,Proceeding Straight,Not Stated,Not Stated,Impairment Not Known,,,,,,,,
201100056999,12/30/2011,14:12,Friday,PIEMONTE DR,PINETO PL,6182525.948,2060554.627,37.64663542,-121.8095079,Property Damage Only,0,0,1,Improper Turning,No,Hit Object,Fixed Object,No Pedestrian Involved,22107,,Clear,No Unusual Condition,Daylight,None,Driver,16,Female,Making Left Turn,Cell Phone Not In Use,None Apparent,HNBD,,,,,,,,
201300045597,12/30/2013,20:57,Monday,FOOTHILL RD,HIGHLAND OAKS DR,6149359.721,2073959.898,37.68205244,-121.924923,Property Damage Only,0,0,1,Driving Under Influence,No,Hit Object,Fixed Object,No Pedestrian Involved,23152,A,Clear,No Unusual Condition,Dark - Street Lights,No Controls Present / Factor,Driver,59,Female,Proceeding Straight,Cell Phone Not In Use,Violation,Under Drug Influence,,,,,,,,
201400049285,12/30/2014,23:08,Tuesday,FIRST ST,STANLEY BL,6165992,2067809,37.66575298,-121.866983,Property Damage Only,0,0,1,Driving Under Influence,No,Hit Object,Fixed Object,No Pedestrian Involved,23152,A,Wind,No Unusual Condition,Dark - Street Lights,Functioning,Driver,48,Female,Making Left Turn,Cell Phone Not In Use,Violation,HBD Under Influence,,,,,,,,
201500046082,12/30/2015,15:03,Wednesday,HACIENDA DR,GIBRALTAR DR (N),6158370,2078636,37.69531938,-121.8938974,Complaint of Pain,2,0,1,Traffic Signals and Signs,No,Overturned,Other Motor Vehicle,No Pedestrian Involved,21453,A,Cloudy,No Unusual Condition,Daylight,Functioning,Driver,20,Male,Proceeding Straight,Cell Phone Handheld In Use,Inattention,HNBD,Driver,60,Male,Proceeding Straight,Cell Phone Not In Use,None Apparent,HNBD,Lap/Shoulder Harness Used
201600047786,12/30/2016,23:47,Friday,HACIENDA DR,OFF RAMP EB I580 TO HACIENDA DR,6160102,2080416,37.70020758,-121.8879114,Property Damage Only,0,0,,Unknown,No,Broadside,Other Motor Vehicle,No Pedestrian Involved,,,Clear,No Unusual Condition,Dark - Street Lights,Functioning,Driver,25,Male,Proceeding Straight,Cell Phone Not In Use,None Apparent,HNBD,Driver,27,Male,Making Left Turn,Cell Phone Not In Use,None Apparent,HNBD,Lap/Shoulder Harness Used
201700053529,12/30/2017,21:35,Saturday,SANTA RITA RD,LAS POSITAS BL,6162826.038,2076808.043,37.69052152,-121.8783465,Other Visible Injury,1,0,1,Auto R/W Violation,No,Overturned,Non-Collision,No Pedestrian Involved,21801,A,Clear,No Unusual Condition,Dark - Street Lights,No Controls Present / Factor,Driver,,,Making Left Turn,Not Stated,None Apparent,Not Stated,Driver,21,Male,Proceeding Straight,Cell Phone Not In Use,None Apparent,HNBD,Lap/Shoulder Harness Used
201000061905,12/31/2010,21:48,Friday,STONERIDGE DR,JOHNSON DR,6152634.22,2076843.795,37.69007868,-121.9136708,Property Damage Only,0,0,,Driving Under Influence,No,Hit Object,Fixed Object,No Pedestrian Involved,23152,,Cloudy,No Unusual Condition,Dark - Street Lights,None,Driver,26,Not Stated,Ran Off Road,Not Stated,Not Stated,,,,,,,,,
2012-00048177,12/31/2012,21:02,Monday,BERNAL AV,VALLEY AV (W),6157276,2065234,37.65846687,-121.8970111,Complaint of Pain,2,0,1,Auto R/W Violation,No,Sideswipe,Other Motor Vehicle,No Pedestrian Involved,21453,C,Clear,No Unusual Condition,Dark - Street Lights,Functioning,Driver,58,Male,Making Left Turn,Cell Phone Not In Use,None Apparent,HNBD,Driver,49,Female,Proceeding Straight,,None Apparent,HNBD,Lap/Shoulder Harness Used
201300045713,12/31/2013,19:59,Tuesday,VIA DE LOS CERROS,CALLE DE LA LOMA,6155980.969,2070215.773,37.67209254,-121.9018028,Property Damage Only,0,0,1,Improper Turning,No,Rear-End,Parked Motor Vehicle,No Pedestrian Involved,22107,,Clear,No Unusual Condition,Dark - Street Lights,No Controls Present / Factor,Driver,22,Male,Proceeding Straight,Cell Phone Not In Use,Inattention,HNBD,Parked Vehicle,,,Parked,,None Apparent,Not Applicable,
201500046140,12/31/2015,05:00,Thursday,OWENS DR,WILLOW RD,6157660.976,2080336.11,37.69984012,-121.8964392,Other Visible Injury,1,0,2,Pedestrian Violation,No,Vehicle - Pedestrian,Pedestrian,In Road,21954,A,Clear,No Unusual Condition,Dark - Street Lights,Functioning,Driver,43,Male,Proceeding Straight,Cell Phone Not In Use,None Apparent,HNBD,Pedestrian,60,Male,Other,Cell Phone Not In Use,None Apparent,Impairment Not Known,
201058238,12/4/2010,12:00,Saturday,LAGUNA CREEK LN,MOSS TREE WY,6156282.405,2062388.384,37.65055908,-121.9002722,Property Damage Only,0,0,,Unsafe Speed,No,Hit Object,Fixed Object,No Pedestrian Involved,22350,,Cloudy,No Unusual Condition,Daylight,None,Driver,,Not Stated,Proceeding Straight,Not Stated,Not Stated,Impairment Not Known,,,,,,,,
2012-00044903,12/4/2012,16:24,Tuesday,SANTA RITA RD,LOCKHART LN,6163832.747,2072666.303,37.67912416,-121.8746729,Complaint of Pain,1,0,1,Unsafe Speed,No,Rear-End,Other Motor Vehicle,No Pedestrian Involved,22350,,Clear,No Unusual Condition,Dusk - Dawn,Not Functioning,Driver,,Not Stated,Slowing/Stopping,Cell Phone Not In Use,None Apparent,HNBD,Driver,,Not Stated,Stopped in Road,Cell Phone Not In Use,Violation,HNBD,Lap/Shoulder Harness Used
201500043097,12/4/2015,07:32,Friday,LAS POSITAS BL,HACIENDA DR,6158165,2074882,37.684982,-121.894465,Other Visible Injury,1,0,1,Traffic Signals and Signs,No,Broadside,Other Motor Vehicle,No Pedestrian Involved,21453,A,Cloudy,No Unusual Condition,Daylight,Functioning,Driver,48,Male,Proceeding Straight,Cell Phone Not In Use,None Apparent,HNBD,Driver,44,Female,Making Left Turn,Cell Phone Not In Use,None Apparent,HNBD,Lap/Shoulder Harness Used
201500043134,12/4/2015,13:50,Friday,HACIENDA DR,OFF RAMP WB I580 TO HACIENDA DR,6160109,2081379,37.70299241,-121.8879987,Property Damage Only,0,0,,Unknown,No,Broadside,Other Motor Vehicle,No Pedestrian Involved,,,Cloudy,No Unusual Condition,Daylight,Functioning,Driver,57,Female,Proceeding Straight,Cell Phone Not In Use,None Apparent,HNBD,Driver,42,Male,Making Left Turn,Cell Phone Not In Use,None Apparent,HNBD,Lap/Shoulder Harness Used