Report Number,Date,Time,Collision Day of Week,Primary Road,Secondary Road,X,Y,Latitude,Longitude,Highest Degree of Injury,Number Injured,Number Killed,Party at Fault,Primary Collision Factor,Hit and Run,Collision Type,Involved With,Pedestrian Action,Violation,Violation Subsection,Weather,Road Condition1,Lighting,Right of Way Controls,Party Type 1,Party Age 1,Party Sex 1,Movement Preceding Collision 1,special information 1,Associated Cause - Factor 1 1,Party Sobriety 1 1,Party Type 2,Party Age 2,Party Sex 2,Movement Preceding Collision 2,special information 2,Associated Cause - Factor 1 2,Party Sobriety 1 2,Safety Equipment 2
201300015077,4/24/2013,13:29,Wednesday,STONERIDGE DR,HACIENDA DR,6158120,2077220,37.69143078,-121.8947613,Other Visible Injury,1,0,1,Traffic Signals and Signs,No,Broadside,Other Motor Vehicle,No Pedestrian Involved,21453,A,Clear,No Unusual Condition,Daylight,Functioning,Driver,30,Female,Proceeding Straight,Cell Phone Not In Use,None Apparent,HNBD,Driver,35,Male,Proceeding Straight,Cell Phone Not In Use,None Apparent,HNBD,Lap/Shoulder Harness Used
201300015090,4/24/2013,16:05,Wednesday,OWENS DR,HOPYARD RD,6155369,2079905,37.69865621,-121.9043607,Complaint of Pain,1,0,1,Driving Under Influence,No,Rear-End,Other Motor Vehicle,No Pedestrian Involved,23152,A,Clear,No Unusual Condition,Daylight,Functioning,Driver,,Male,Proceeding Straight,Cell Phone Not In Use,Violation,HBD Under Influence,Driver,,Female,Stopped In Road,Cell Phone Not In Use,None Apparent,HNBD,Lap/Shoulder Harness Used
201500015288,4/24/2015,07:45,Friday,HOPYARD RD,OWENS DR,6155520.733,2079657.162,37.6979756,-121.9038363,Other Visible Injury,1,0,1,Unsafe Lane Change,No,Rear-End,Bicycle,No Pedestrian Involved,21658,A,Cloudy,No Unusual Condition,Not Stated,No Controls Present / Factor,Bicyclist,75,Male,Changing Lanes,Cell Phone Not In Use,None Apparent,HNBD,Driver,51,Female,Proceeding Straight,Cell Phone Not In Use,None Apparent,HNBD,Lap/Shoulder Harness Used
201500015359,4/24/2015,14:50,Friday,OAK CREEK DR,FOOTHILL RD,6150764.518,2070936.357,37.67387506,-121.9198425,Complaint of Pain,1,0,1,Unsafe Starting or Backing,No,Vehicle - Pedestrian,Pedestrian,In Road,22106,,Clear,No Unusual Condition,Daylight,No Controls Present / Factor,Driver,16,Female,Proceeding Straight,Cell Phone Not In Use,None Apparent,HBD Impairment Unknown,Pedestrian,18,Male,Other,Cell Phone Not In Use,Violation,HNBD,Lap/Shoulder Harness Used
201500015346,4/24/2015,15:48,Friday,STONERIDGE DR,LAS POSITAS BL,6161033.15,2076086.279,37.68853942,-121.8845422,Complaint of Pain,2,0,1,Unsafe Starting or Backing,No,Rear-End,Other Motor Vehicle,No Pedestrian Involved,22106,,Cloudy,No Unusual Condition,Daylight,Functioning,Driver,22,Male,Proceeding Straight,Cell Phone Not In Use,None Apparent,HNBD,Driver,45,Female,Proceeding Straight,Cell Phone Not In Use,None Apparent,HNBD,Lap/Shoulder Harness Used
201500015354,4/24/2015,16:55,Friday,GLEN ISLE AV,ROSE ROCK CI (N),6165664.528,2076134.037,37.68872698,-121.8685854,Property Damage Only,0,0,1,Unsafe Speed,Misdemeanor,Hit Object,Parked Motor Vehicle,No Pedestrian Involved,22350,,Clear,No Unusual Condition,Daylight,No Controls Present / Factor,Driver,16,Female,Making Left Turn,Cell Phone Not In Use,None Apparent,HNBD,Parked Vehicle,,,Parked,,,Not Applicable,
201500015361,4/24/2015,16:56,Friday,ROSE ROCK CI,GLEN ISLE AV (N),6165957.964,2076291.42,37.68915918,-121.8675714,Other Visible Injury,1,0,1,Unsafe Starting or Backing,Felony,Vehicle - Pedestrian,Pedestrian,In Road,22106,,Clear,No Unusual Condition,Daylight,No Controls Present / Factor,Driver,16,Female,Stopped In Road,Cell Phone Not In Use,None Apparent,HNBD,Pedestrian,18,Female,Other,Cell Phone Not In Use,None Apparent,HNBD,
201700014727,4/24/2017,18:02,Monday,FOOTHILL RD,OFF RAMP EB I580 TO FOOTHILL RD,6146521.381,2079785.706,37.69801128,-121.9348512,Complaint of Pain,1,0,1,Unsafe Speed,No,Rear-End,Other Motor Vehicle,No Pedestrian Involved,22350,,Clear,No Unusual Condition,Daylight,Functioning,Driver,29,Female,Proceeding Straight,Cell Phone Not In Use,None Apparent,HNBD,Driver,26,Male,Stopped In Road,Cell Phone Not In Use,None Apparent,HNBD,Lap/Shoulder Harness Used
201200015874,4/25/2012,17:31,Wednesday,SANTA RITA RD,LOCKHART LN,6163781.836,2072861.782,37.67966099,-121.8748489,Complaint of Pain,1,0,1,Unsafe Speed,No,Rear-End,Other Motor Vehicle,No Pedestrian Involved,22350,,Cloudy,No Unusual Condition,Daylight,Functioning,Driver,31,Female,Proceeding Straight,Cell Phone Handheld In Use,Inattention,HNBD,Driver,40,Female,Stopped in Road,Cell Phone Not In Use,None Apparent,HNBD,Lap/Shoulder Harness Used
201200015880,4/25/2012,19:30,Wednesday,VINEYARD AV,MACHADO PL,6179063.427,2063911.981,37.65579508,-121.8217004,Property Damage Only,0,0,1,Unsafe Speed,No,Hit Object,Fixed Object,No Pedestrian Involved,22350,,Cloudy,No Unusual Condition,Dusk - Dawn,None,Driver,20,Male,Proceeding Straight,Cell Phone Not In Use,None Apparent,HNBD,,,,,,,,
201300015259,4/25/2013,15:55,Thursday,VINEYARD AV,MAVIS DR,6167895.973,2066705.725,37.66301585,-121.8603436,Other Visible Injury,1,0,1,Unknown,No,Hit Object,Fixed Object,No Pedestrian Involved,2818,,Clear,Construction Or Repair Zone,Daylight,No Controls Present / Factor,Bicyclist,59,Female,Proceeding Straight,,None Apparent,HNBD,,,,,,,,
201300015297,4/25/2013,20:41,Thursday,HOPYARD RD,STONERIDGE DR,6155541,2077290,37.69147495,-121.9037662,Complaint of Pain,1,0,1,Driving Under Influence,No,Head-On,Other Motor Vehicle,No Pedestrian Involved,23152,A,Clear,No Unusual Condition,Dark - Street Lights,Functioning,Driver,,Male,Making Left Turn,Cell Phone Not In Use,Violation,HBD Under Influence,Driver,,Male,Proceeding Straight,Cell Phone Not In Use,,HNBD,Lap/Shoulder Harness Used
201300015314,4/25/2013,22:36,Thursday,CHABOT DR,INGLEWOOD DR,6156065.924,2076186.989,37.6884093,-121.9017133,Property Damage Only,0,0,1,Unknown,No,Hit Object,Fixed Object,No Pedestrian Involved,23140,A,Clear,No Unusual Condition,Dark - Street Lights,No Controls Present / Factor,Driver,,Male,Making Left Turn,Cell Phone Not In Use,Violation,HBD Not Under Influence,,,,,,,,
201400016870,4/25/2014,10:47,Friday,CORTE PADRE,CAMINO SEGURA,6156426.621,2069676.124,37.67061056,-121.9002631,Other Visible Injury,1,0,2,Unsafe Starting or Backing,No,Vehicle - Pedestrian,Pedestrian,In Road,22106,,Cloudy,No Unusual Condition,Daylight,No Controls Present / Factor,Pedestrian,79,Female,,Cell Phone Not In Use,None Apparent,HNBD,Driver,67,Female,Backing,Cell Phone Not In Use,None Apparent,HNBD,Lap/Shoulder Harness Used
201400016883,4/25/2014,13:37,Friday,SANTA RITA RD,VALLEY AV,6164042.101,2071860.945,37.6769125,-121.8739496,Property Damage Only,0,0,1,Unsafe Lane Change,No,Sideswipe,Other Motor Vehicle,No Pedestrian Involved,21658,A,Cloudy,No Unusual Condition,Daylight,Functioning,Driver,38,Male,Changing Lanes,Cell Phone Not In Use,None Apparent,HNBD,Driver,54,Male,Proceeding Straight,Cell Phone Not In Use,None Apparent,HNBD,Lap/Shoulder Harness Used
201500015457,4/25/2015,13:21,Saturday,FALLON RD,ON RAMP WB I580 FROM SB FALLON RD,6170988,2081154,37.70272992,-121.8503874,Property Damage Only,0,0,1,Auto R/W Violation,No,Head-On,Other Motor Vehicle,No Pedestrian Involved,21801,A,Clear,No Unusual Condition,Daylight,Functioning,Driver,26,Male,Making Left Turn,Cell Phone Not In Use,None Apparent,HNBD,Driver,28,Male,Proceeding Straight,Cell Phone Not In Use,None Apparent,HNBD,Lap/Shoulder Harness Used
201600014716,4/25/2016,17:17,Monday,STONERIDGE DR,GIBRALTAR DR,6159061,2077507,37.69221894,-121.8915094,Complaint of Pain,1,0,1,Traffic Signals and Signs,No,Broadside,Other Motor Vehicle,No Pedestrian Involved,21453,A,Clear,No Unusual Condition,Daylight,Functioning,Driver,38,Female,Proceeding Straight,Cell Phone Not In Use,None Apparent,HNBD,Driver,,Not Stated,Proceeding Straight,Cell Phone Not In Use,None Apparent,HNBD,Lap/Shoulder Harness Used
201800016198,4/25/2018,08:29,Wednesday,SANTA RITA RD,VALLEY AV,6163965.371,2072156.135,37.67772315,-121.8742147,Complaint of Pain,2,0,1,Unsafe Speed,No,Rear-End,Other Motor Vehicle,No Pedestrian Involved,22350,,Clear,No Unusual Condition,Daylight,Functioning,Driver,59,Male,Proceeding Straight,Cell Phone Not In Use,None Apparent,HNBD,Driver,54,Female,Proceeding Straight,Cell Phone Not In Use,None Apparent,HNBD,Lap/Shoulder Harness Used
201800016312,4/25/2018,15:21,Wednesday,YELLOWSTONE CT,VALLEY TRAILS DR,6154585,2070978,37.67418576,-121.906626,Property Damage Only,0,0,1,Auto R/W Violation,Misdemeanor,Broadside,Other Motor Vehicle,No Pedestrian Involved,21800,A,Clear,No Unusual Condition,Daylight,No Controls Present / Factor,Driver,,,Making Left Turn,Not Stated,None Apparent,Impairment Not Known,Driver,44,Female,Proceeding Straight,Cell Phone Not In Use,None Apparent,HNBD,Lap/Shoulder Harness Used
201019780,4/26/2010,12:51,Monday,VALLEY AV,GREENWOOD RD,6162215.985,2071799.889,37.67669226,-121.8802311,Complaint of Pain,1,0,,Unsafe Speed,No,Rear-End,Other Motor Vehicle,No Pedestrian Involved,22350,,Clear,No Unusual Condition,Daylight,Functioning,Driver,49,Not Stated,Proceeding Straight,Not Stated,Not Stated,HNBD,Driver,53,Not Stated,Slowing/Stopping,Not Stated,Not Stated,HNBD,Lap/Shoulder Harness Used
201019831,4/26/2010,17:42,Monday,FIRST ST,ANGELA ST,6163646.313,2065154.579,37.65846341,-121.8750864,Property Damage Only,0,0,,Unsafe Speed,No,Rear-End,Other Motor Vehicle,No Pedestrian Involved,22350,,Cloudy,No Unusual Condition,Daylight,None,Driver,79,Not Stated,Proceeding Straight,Not Stated,Not Stated,HNBD,Driver,40,Not Stated,Stopped in Road,Not Stated,Not Stated,HNBD,Lap/Shoulder Harness Used
201100019672,4/26/2011,17:56,Tuesday,OVELLA WY,RUBY HILL DR (N),6180689.438,2057447.931,37.63797183,-121.8158014,Other Visible Injury,1,0,2,Pedestrian Violation,No,Vehicle - Pedestrian,Pedestrian,In Road,21954,,Clear,No Unusual Condition,Daylight,None,Driver,89,Male,Proceeding Straight,Cell Phone Not In Use,None Apparent,HNBD,Pedestrian,3,Female,Proceeding Straight,,None Apparent,Not Applicable,Not Required
201200015916,4/26/2012,07:30,Thursday,HACIENDA DR,OWENS DR,6159875.504,2079610.605,37.69799582,-121.8886943,Property Damage Only,0,0,1,Unsafe Speed,No,Hit Object,Fixed Object,No Pedestrian Involved,22350,,Cloudy,No Unusual Condition,Daylight,None,Driver,55,Male,Making Right Turn,Cell Phone Not In Use,None Apparent,HNBD,,,,,,,,
201300015372,4/26/2013,11:40,Friday,FOOTHILL RD,CANYON WY,6146733.617,2078902.268,37.69558519,-121.9341176,Complaint of Pain,2,0,1,Unsafe Speed,No,Rear-End,Other Motor Vehicle,No Pedestrian Involved,22350,,Clear,No Unusual Condition,Daylight,No Controls Present / Factor,Driver,44,Female,Proceeding Straight,Cell Phone Not In Use,Inattention,HNBD,Driver,42,Male,Slowing/Stopping,Cell Phone Not In Use,None Apparent,HNBD,Lap/Shoulder Harness Used
201300015385,4/26/2013,13:52,Friday,OFF RAMP EB I580 TO PIMLICO DR,SANTA RITA RD,6164692.004,2080314.35,37.7002339,-121.8721733,Complaint of Pain,2,0,1,Unsafe Speed,No,Rear-End,Other Motor Vehicle,No Pedestrian Involved,22350,,Clear,No Unusual Condition,Daylight,Functioning,Driver,,Male,Slowing/Stopping,Cell Phone Not In Use,None Apparent,HNBD,Driver,,Male,Stopped In Road,Cell Phone Not In Use,None Apparent,HNBD,Lap/Shoulder Harness Used
201500015577,4/26/2015,13:19,Sunday,COMMERCE DR,JOHNSON DR,6150855,2079356,37.69697766,-121.9198195,Complaint of Pain,1,0,1,Ped R/W Violation,No,Vehicle - Pedestrian,Pedestrian,In Road,21950,A,Clear,No Unusual Condition,Daylight,Functioning,Driver,16,Male,Making Right Turn,,Inattention,HNBD,Pedestrian,40,Female,Other,,None Apparent,Not Applicable,
201600014863,4/26/2016,17:26,Tuesday,LAS POSITAS BL,PAYNE RD,6153919,2072776,37.67904208,-121.9091321,Complaint of Pain,3,0,1,Unsafe Speed,No,Rear-End,Other Motor Vehicle,Crossing In Crosswalk Not At Intersection,22350,,Clear,No Unusual Condition,Daylight,No Controls Present / Factor,Driver,22,Female,Proceeding Straight,Cell Phone Not In Use,Inattention,HNBD,Driver,24,Female,Slowing/Stopping,Cell Phone Not In Use,None Apparent,HNBD,Lap/Shoulder Harness Used
201700014944,4/26/2017,11:57,Wednesday,BERNAL AV,KOLL CENTER DR,6156700,2064970,37.65774187,-121.8990007,Complaint of Pain,1,0,1,Improper Turning,No,Broadside,Other Motor Vehicle,No Pedestrian Involved,22107,,Cloudy,No Unusual Condition,Daylight,Functioning,Driver,35,Female,Other Unsafe Turning,Cell Phone Not In Use,None Apparent,HNBD,Driver,48,Female,Making Left Turn,Cell Phone Not In Use,None Apparent,HNBD,Lap/Shoulder Harness Used
201700014989,4/26/2017,18:25,Wednesday,STONERIDGE MALL RD,LAUREL CREEK WY,6148174,2077658,37.69216821,-121.9291398,Other Visible Injury,2,0,1,Auto R/W Violation,No,Broadside,Other Motor Vehicle,No Pedestrian Involved,21801,A,Clear,No Unusual Condition,Not Stated,No Controls Present / Factor,Driver,34,Female,Making Left Turn,Cell Phone Not In Use,None Apparent,HNBD,Driver,22,Male,Proceeding Straight,Cell Phone Not In Use,None Apparent,HNBD,Lap/Shoulder Harness Used
201800016407,4/26/2018,07:45,Thursday,LAS POSITAS BL,MUIRWOOD DR,6151901.212,2072185.393,37.67730515,-121.9159152,Other Visible Injury,1,0,1,Unsafe Speed,No,Overturned,Other,No Pedestrian Involved,22350,,Clear,No Unusual Condition,Daylight,No Controls Present / Factor,Bicyclist,17,Male,Other,Not Stated,None Stated,Not Stated,,,,,,,,
201800016466,4/26/2018,11:48,Thursday,VINEYARD AV,TOURIGA DR,6170442.982,2067377.401,37.66491745,-121.8516691,Other Visible Injury,1,0,1,Unsafe Speed,No,Overturned,Non-Collision,No Pedestrian Involved,22350,,Clear,No Unusual Condition,Daylight,No Controls Present / Factor,Bicyclist,41,Male,Proceeding Straight,Cell Phone Not In Use,None Apparent,HNBD,,,,,,,,
201019952,4/27/2010,12:11,Tuesday,VALLEY AV,VIA DE LOS MILAGROS,6156883.247,2070954.338,37.67412078,-121.8986855,Complaint of Pain,1,0,,Unsafe Speed,No,Rear-End,Other Motor Vehicle,No Pedestrian Involved,22350,,Cloudy,No Unusual Condition,Daylight,Functioning,Driver,24,Not Stated,Proceeding Straight,Not Stated,Not Stated,HNBD,Driver,75,Not Stated,Stopped in Road,Not Stated,Not Stated,HNBD,Lap/Shoulder Harness Used
201019956,4/27/2010,12:33,Tuesday,FIRST ST,BERNAL AV,6162967.322,2064403.343,37.65640037,-121.8774317,Property Damage Only,0,0,,Unsafe Speed,No,Sideswipe,Other Motor Vehicle,No Pedestrian Involved,22350,,Cloudy,No Unusual Condition,Daylight,None,Driver,45,Not Stated,Making Left Turn,Not Stated,Not Stated,HNBD,Driver,59,Not Stated,Making Left Turn,Not Stated,Not Stated,HNBD,Lap/Shoulder Harness Used
201100019809,4/27/2011,12:39,Wednesday,SUNOL BL,BERNAL AV,6162833.879,2064297.177,37.65610881,-121.8778926,Complaint of Pain,2,0,1,Unsafe Starting or Backing,No,Rear-End,Other Motor Vehicle,No Pedestrian Involved,22106,,Clear,No Unusual Condition,Daylight,Functioning,Driver,74,Male,Stopped in Road,Cell Phone Not In Use,Inattention,HNBD,Driver,78,Male,Stopped in Road,Cell Phone Not In Use,None Apparent,HNBD,Lap/Shoulder Harness Used
20110019961,4/27/2011,17:30,Wednesday,AMARAL CI,KOTTINGER DR (W),6165921.482,2065893.609,37.66049293,-121.8672271,Severe Injury,2,0,2,Auto R/W Violation,No,Broadside,Not Stated,No Pedestrian Involved,21804,,Clear,No Unusual Condition,Daylight,None,Bicyclist,57,Male,Making Right Turn,Cell Phone Not In Use,Violation,HNBD,Bicyclist,12,Male,Proceeding Straight,Cell Phone Not In Use,None Apparent,HNBD,M/C Helmet Driver - Yes
201100019884,4/27/2011,18:42,Wednesday,HOPYARD RD,VALLEY TRAILS DR (W),6156168.768,2072576.121,37.67857451,-121.9011542,Complaint of Pain,1,0,1,Unsafe Speed,No,Rear-End,Other Motor Vehicle,No Pedestrian Involved,22350,,Clear,No Unusual Condition,Daylight,None,Driver,50,Male,Proceeding Straight,Cell Phone Not In Use,Inattention,HNBD,Driver,53,Female,Slowing/Stopping,Cell Phone Not In Use,Stop and Go Traffic,HNBD,Lap/Shoulder Harness Used
201200016081,4/27/2012,10:37,Friday,HACIENDA DR,OFF RAMP WB I580 TO HACIENDA DR,6160109,2081379,37.70299241,-121.8879987,Complaint of Pain,1,0,1,Ped R/W Violation,No,Vehicle - Pedestrian,Pedestrian,Crossing In Crosswalk at Intersection,21950,A,Clear,No Unusual Condition,Daylight,Functioning,Driver,19,Female,Stopped in Road,Cell Phone Not In Use,Violation,HNBD,Pedestrian,55,Female,Not Stated,Not Stated,None Apparent,HNBD,Not Stated
201300015474,4/27/2013,01:40,Saturday,MAIN ST,ST JOHN ST,6163848,2067032,37.66361918,-121.8743897,Property Damage Only,0,0,1,Driving Under Influence,No,Hit Object,Fixed Object,No Pedestrian Involved,23152,A,Clear,No Unusual Condition,Dark - Street Lights,Functioning,Driver,60,Female,Other Unsafe Turning,Cell Phone Handsfree In Use,Violation,HBD Under Influence,,,,,,,,
201300015469,4/27/2013,01:46,Saturday,ST JOHN ST,PETERS AV,6162957.015,2067349.101,37.66449,-121.8774677,Property Damage Only,0,0,1,Driving Under Influence,No,Hit Object,Parked Motor Vehicle,No Pedestrian Involved,23152,A,Clear,No Unusual Condition,Dark - Street Lights,No Controls Present / Factor,Driver,60,Female,Proceeding Straight,Cell Phone Not In Use,Violation,HBD Under Influence,Parked Vehicle,,,Parked,Cell Phone Not In Use,None Apparent,Not Applicable,
201300017867,4/27/2013,11:35,Saturday,SANTA RITA RD,SUTTER GATE AV,6163241,2074946,37.685408,-121.8769126,Other Visible Injury,1,0,,Unknown,Felony,Vehicle - Pedestrian,Pedestrian,Crossing In Crosswalk At Intersection,,,Clear,No Unusual Condition,Dark - Street Lights,No Controls Present / Factor,Driver,,,Making Right Turn,,None Apparent,Impairment Not Known,Pedestrian,48,Female,,Not Stated,None Apparent,Impairment Not Known,
201300015529,4/27/2013,18:40,Saturday,NEAL ST,FIRST ST,6163983.068,2065598.826,37.6596834,-121.8739231,Property Damage Only,0,0,1,Unsafe Speed,No,Rear-End,Other Motor Vehicle,No Pedestrian Involved,22350,,Clear,No Unusual Condition,Daylight,Functioning,Driver,16,Female,Proceeding Straight,Cell Phone Not In Use,Inattention,HNBD,Driver,49,Male,Stopped In Road,Cell Phone Not In Use,,HNBD,Lap/Shoulder Harness Used
201500015685,4/27/2015,10:44,Monday,VALLEY AV,KOLLN ST,6165562,2071593,37.67617667,-121.8686981,Complaint of Pain,2,0,1,Traffic Signals and Signs,No,Broadside,Other Motor Vehicle,No Pedestrian Involved,21453,A,Clear,No Unusual Condition,Daylight,Functioning,Driver,36,Female,Making Left Turn,Cell Phone Not In Use,None Apparent,HNBD,Driver,42,Female,Proceeding Straight,Cell Phone Not In Use,None Apparent,HNBD,Lap/Shoulder Harness Used
201800016620,4/27/2018,10:43,Friday,HACIENDA DR,OFF RAMP WB I580 TO HACIENDA DR,6160109,2081379,37.70299241,-121.8879987,Property Damage Only,0,0,1,Traffic Signals and Signs,No,Broadside,Other Motor Vehicle,No Pedestrian Involved,21453,A,Cloudy,No Unusual Condition,Daylight,Functioning,Driver,46,Female,Proceeding Straight,Cell Phone Not In Use,None Apparent,HNBD,Driver,55,Male,Making Left Turn,Cell Phone Not In Use,None Apparent,HNBD,
201020197,4/28/2010,17:50,Wednesday,BROCKTON DR,FAIRLANDS DR,6165772.874,2080055.973,37.69952435,-121.8684375,Property Damage Only,0,0,,Improper Turning,No,Sideswipe,Parked Motor Vehicle,No Pedestrian Involved,22107,,Cloudy,No Unusual Condition,Daylight,None,Driver,,Not Stated,Making Right Turn,Not Stated,Not Stated,Impairment Not Known,Parked Vehicle,,Not Stated,Parked,Not Stated,Not Stated,Not Applicable,Not Stated
201300015641,4/28/2013,17:00,Sunday,OWENS DR,JOHNSON DR (S),6153774.662,2079508.138,37.69756636,-121.9098709,Property Damage Only,0,0,1,Unsafe Speed,No,Hit Object,Fixed Object,No Pedestrian Involved,22350,,Clear,No Unusual Condition,Daylight,No Controls Present / Factor,Driver,17,Male,Making Right Turn,Cell Phone Not In Use,Inattention,HNBD,,,,,,,,
201500015805,4/28/2015,08:54,Tuesday,VALLEY AV,QUARRY LN,6166461,2071543,37.67618761,-121.8655474,Complaint of Pain,1,0,1,Unsafe Speed,No,Rear-End,Other Motor Vehicle,No Pedestrian Involved,22350,,Clear,No Unusual Condition,Daylight,Functioning,Driver,22,Female,Proceeding Straight,Cell Phone Not In Use,Inattention,HNBD,Driver,34,Female,Stopped In Road,Cell Phone Not In Use,None Apparent,HNBD,Lap/Shoulder Harness Used
201500015859,4/28/2015,13:59,Tuesday,BERNAL AV,MAIN ST,6162498.205,2064476.909,37.65660239,-121.8790521,Other Visible Injury,1,0,1,Following Too Closely,No,Rear-End,Other Motor Vehicle,No Pedestrian Involved,21703,,Clear,No Unusual Condition,Daylight,No Controls Present / Factor,Driver,66,Male,Passing Other Vehicle,Cell Phone Not In Use,None Apparent,HNBD,Driver,61,Male,Changing Lanes,Cell Phone Not In Use,None Apparent,HNBD,Lap/Shoulder Harness Used
201500015890,4/28/2015,17:50,Tuesday,HOPYARD RD,OFF RAMP EB I580 TO HOPYARD RD,6154960.595,2080532.477,37.70037938,-121.9057723,Complaint of Pain,1,0,1,Unsafe Speed,No,Rear-End,Other Motor Vehicle,No Pedestrian Involved,22350,,Clear,No Unusual Condition,Daylight,Not Functioning,Driver,50,Male,Proceeding Straight,Cell Phone Not In Use,None Apparent,HNBD,Driver,23,Male,Stopped In Road,Cell Phone Not In Use,None Apparent,HNBD,Lap/Shoulder Harness Used
201700015185,4/28/2017,16:45,Friday,ST JOHN ST,MAIN ST,6163697.296,2067085.742,37.66376677,-121.8749103,Property Damage Only,0,0,1,Auto R/W Violation,No,Broadside,Other Motor Vehicle,No Pedestrian Involved,21804,A,Clear,No Unusual Condition,Not Stated,Functioning,Driver,29,Female,Making Left Turn,Cell Phone Not In Use,None Apparent,HNBD,Driver,39,Male,Proceeding Straight,Cell Phone Not In Use,None Apparent,HNBD,Lap/Shoulder Harness Used
201700015189,4/28/2017,17:41,Friday,STONERIDGE DR,HOPYARD RD,6155541,2077290,37.69147495,-121.9037662,Property Damage Only,0,0,1,Unsafe Lane Change,No,Sideswipe,Other Motor Vehicle,No Pedestrian Involved,21658,A,Clear,No Unusual Condition,Daylight,Functioning,Driver,91,Female,Proceeding Straight,Cell Phone Not In Use,Violation,HNBD,Driver,44,Female,Proceeding Straight,Cell Phone Not In Use,None Apparent,HNBD,Lap/Shoulder Harness Used
201000020251,4/29/2010,00:53,Thursday,STONERIDGE DR,JOHNSON DR,6153092.852,2076862.628,37.6901304,-121.9120858,Complaint of Pain,1,0,,Improper Turning,No,Hit Object,Fixed Object,No Pedestrian Involved,22107,,Clear,No Unusual Condition,Dark - Street Lights,None,Driver,26,Not Stated,Ran Off Road,Not Stated,Not Stated,HBD Not Under Influence,,,,,,,,
201020305,4/29/2010,09:30,Thursday,LAS POSITAS BL,PAYNE RD,6154131.674,2072847.422,37.67923822,-121.9083973,Property Damage Only,0,0,,Improper Turning,No,Sideswipe,Other Motor Vehicle,No Pedestrian Involved,22107,,Clear,No Unusual Condition,Daylight,None,Driver,27,Not Stated,Proceeding Straight,Not Stated,Not Stated,HNBD,Driver,35,Not Stated,Proceeding Straight,Not Stated,Not Stated,HNBD,Lap/Shoulder Harness Used
201100020224,4/29/2011,17:36,Friday,BERNAL AV,VALLEY AV (W),6157795.953,2065227.001,37.65844765,-121.895215,Complaint of Pain,1,0,1,Unsafe Speed,No,Rear-End,Other Motor Vehicle,No Pedestrian Involved,22350,,Clear,No Unusual Condition,Daylight,Functioning,Driver,49,Male,Proceeding Straight,Cell Phone Not In Use,Stop and Go Traffic,HNBD,Driver,49,Female,Proceeding Straight,Cell Phone Not In Use,Stop and Go Traffic,HNBD,Lap/Shoulder Harness Used
201300015765,4/29/2013,21:12,Monday,VALLEY AV,DANBURY PARK DR,6164634.873,2071660.493,37.67636202,-121.8719015,Property Damage Only,0,0,1,Improper Turning,No,Sideswipe,Fixed Object,No Pedestrian Involved,22107,,Clear,No Unusual Condition,Dark - Street Lights,No Controls Present / Factor,Driver,29,Male,Ran Off Road,Cell Phone Not In Use,None Apparent,HNBD,,,,,,,,
201400017368,4/29/2014,09:29,Tuesday,MAIN ST,BERNAL AV,6162507,2064475,37.65659715,-121.8790218,Property Damage Only,0,0,1,Auto R/W Violation,No,Broadside,Other Motor Vehicle,No Pedestrian Involved,21802,A,Clear,No Unusual Condition,Daylight,No Controls Present / Factor,Driver,28,Female,Making Left Turn,Cell Phone Not In Use,None Apparent,HNBD,Driver,30,Male,Proceeding Straight,Cell Phone Not In Use,None Apparent,HNBD,Lap/Shoulder Harness Used
201500015963,4/29/2015,09:27,Wednesday,STONERIDGE DR,JOHNSON DR,6152282.47,2076882.172,37.69018407,-121.9148863,Complaint of Pain,1,0,1,Unsafe Speed,No,Rear-End,Other Motor Vehicle,No Pedestrian Involved,22350,,Clear,No Unusual Condition,Daylight,No Controls Present / Factor,Driver,21,Female,Proceeding Straight,Cell Phone Not In Use,None Apparent,HNBD,Driver,38,Female,Stopped In Road,Cell Phone Not In Use,None Apparent,HNBD,Lap/Shoulder Harness Used
201500016017,4/29/2015,15:26,Wednesday,HACIENDA DR,GIBRALTAR DR (S),6158132,2075645,37.68707734,-121.894579,Other Visible Injury,1,0,1,Auto R/W Violation,No,Broadside,Other Motor Vehicle,No Pedestrian Involved,21801,A,Clear,No Unusual Condition,Daylight,Functioning,Driver,46,Male,Making Left Turn,Cell Phone Not In Use,None Apparent,HNBD,Driver,29,Male,Proceeding Straight,Cell Phone Not In Use,None Apparent,HNBD,Lap/Shoulder Harness Used
201500016044,4/29/2015,19:20,Wednesday,OLD BERNAL AV,CASE AV,6161770,2064642,37.65703217,-121.8813905,Other Visible Injury,2,0,1,Auto R/W Violation,No,Broadside,Other Motor Vehicle,No Pedestrian Involved,21453,C,Clear,No Unusual Condition,Daylight,Functioning,Driver,19,Female,Making Left Turn,Cell Phone Not In Use,Vision Obscurements,HNBD,Driver,28,Male,Proceeding Straight,Cell Phone Not In Use,None Apparent,HNBD,Lap/Shoulder Harness Used
201200013042,4/3/2012,21:06,Tuesday,VALLEY AV,CRESTLINE RD,6159984,2071837,37.67679417,-121.8879429,Severe Injury,1,0,1,Traffic Signals and Signs,No,Broadside,Other Motor Vehicle,No Pedestrian Involved,22450,,Cloudy,No Unusual Condition,Dark - Street Lights,Functioning,Driver,67,Female,Proceeding Straight,Cell Phone Not In Use,None Apparent,HNBD,Driver,16,Female,Making Left Turn,Cell Phone Not In Use,None Apparent,HNBD,Lap/Shoulder Harness Used