Report Number,Date,Time,Collision Day of Week,Primary Road,Secondary Road,X,Y,Latitude,Longitude,Highest Degree of Injury,Number Injured,Number Killed,Party at Fault,Primary Collision Factor,Hit and Run,Collision Type,Involved With,Pedestrian Action,Violation,Violation Subsection,Weather,Road Condition1,Lighting,Right of Way Controls,Party Type 1,Party Age 1,Party Sex 1,Movement Preceding Collision 1,special information 1,Associated Cause - Factor 1 1,Party Sobriety 1 1,Party Type 2,Party Age 2,Party Sex 2,Movement Preceding Collision 2,special information 2,Associated Cause - Factor 1 2,Party Sobriety 1 2,Safety Equipment 2
201130304,7/1/2011,17:34,Friday,MAIN ST,ST MARYS ST,6163695.938,2066598.738,37.66242936,-121.874915,Property Damage Only,0,0,1,Driving Under Influence,No,Rear-End,Other Motor Vehicle,No Pedestrian Involved,23152,,Clear,No Unusual Condition,Daylight,Functioning,Driver,65,Male,Proceeding Straight,Cell Phone Not In Use,Violation,HBD Under Influence,Driver,20,Female,Stopped in Road,Cell Phone Not In Use,None Apparent,HNBD,Lap/Shoulder Harness Used
201100030320,7/1/2011,19:05,Friday,SANTA RITA RD,MOHR AV,6163447.109,2074148.251,37.68321724,-121.8762004,Complaint of Pain,1,0,1,Unsafe Speed,No,Rear-End,Other Motor Vehicle,No Pedestrian Involved,22350,,Clear,No Unusual Condition,Daylight,None,Driver,61,Female,Proceeding Straight,Cell Phone Not In Use,None Apparent,HNBD,Driver,37,Female,Making U Turn,Cell Phone Not In Use,Violation,HNBD,Lap/Shoulder Harness Used
201300023137,7/1/2013,23:56,Monday,ST MARYS ST,PLEASANTON AV,6162498,2067057,37.66368784,-121.8790533,Complaint of Pain,1,0,1,Ped R/W Violation,No,Vehicle - Pedestrian,Pedestrian,Crossing In Crosswalk At Intersection,21950,A,Clear,No Unusual Condition,Dark - Street Lights,Functioning,Driver,68,Female,Proceeding Straight,Cell Phone Not In Use,None Apparent,HNBD,Pedestrian,26,Female,Proceeding Straight,Cell Phone Not In Use,None Apparent,HNBD,
201500024067,7/1/2015,13:04,Wednesday,HOPYARD RD,VALLEY AV,6157371,2071600,37.67589389,-121.8970003,Other Visible Injury,1,0,1,Unsafe Starting or Backing,No,Broadside,Bicycle,No Pedestrian Involved,22106,,Clear,No Unusual Condition,Daylight,Functioning,Driver,54,Male,Making Right Turn,Cell Phone Not In Use,None Apparent,HNBD,Bicyclist,11,Male,Entering Traffic,Cell Phone Not In Use,Violation,HNBD,M/C Helmet Driver - Yes
201600023679,7/1/2016,14:49,Friday,FOOTHILL RD,ON RAMP EB I580 FROM NB FOOTHILL RD,6146521.381,2079785.706,37.69801128,-121.9348512,Other Visible Injury,3,0,1,Unsafe Speed,No,Rear-End,Other Motor Vehicle,No Pedestrian Involved,22350,,Clear,No Unusual Condition,Daylight,No Controls Present / Factor,Driver,22,Male,Proceeding Straight,Cell Phone Not In Use,None Apparent,HNBD,Driver,22,Female,Proceeding Straight,Cell Phone Not In Use,None Apparent,HNBD,Lap/Shoulder Harness Used
201600023704,7/1/2016,19:10,Friday,VINEYARD AV,FIRST ST,6165200.96,2066826.222,37.66305407,-121.8697159,Property Damage Only,0,0,1,Driving Under Influence,No,Rear-End,Other Motor Vehicle,No Pedestrian Involved,23152,A,Clear,No Unusual Condition,Daylight,Functioning,Driver,28,Male,Proceeding Straight,Cell Phone Not In Use,None Apparent,Under Drug Influence,Driver,37,Male,Stopped In Road,Cell Phone Not In Use,None Apparent,HNBD,Lap/Shoulder Harness Used
201800026407,7/1/2018,07:55,Sunday,BERNAL AV,PALOMINO DR,6168739.062,2066010.772,37.66110737,-121.857431,Property Damage Only,0,0,1,Improper Turning,Misdemeanor,Hit Object,Fixed Object,No Pedestrian Involved,22107,,Clear,No Unusual Condition,Daylight,No Controls Present / Factor,Driver,,,Making Left Turn,,None Apparent,Impairment Not Known,,,,,,,,
201800026456,7/1/2018,16:00,Sunday,ROSEWOOD DR,SANTA RITA RD,6163892,2079122,37.69679428,-121.8749236,Other Visible Injury,1,0,,Unknown,Misdemeanor,Vehicle - Pedestrian,Pedestrian,Crossing In Crosswalk At Intersection,,,Clear,No Unusual Condition,Daylight,Functioning,Driver,,,Making Right Turn,,None Apparent,Not Applicable,Pedestrian,16,Male,Proceeding Straight,,None Apparent,HNBD,M/C Helmet Driver - Yes
201800026452,7/1/2018,16:02,Sunday,LAS POSITAS BL,SANTA RITA RD,6162815.003,2077378.165,37.69208718,-121.8783847,Other Visible Injury,1,0,1,Improper Turning,No,Broadside,Bicycle,No Pedestrian Involved,22107,,Clear,No Unusual Condition,Daylight,Functioning,Driver,34,Female,Making Right Turn,Cell Phone Not In Use,None Apparent,HNBD,Bicyclist,16,Male,Proceeding Straight,Cell Phone Not In Use,None Apparent,HNBD,M/C Helmet Driver - Yes
201000033667,7/10/2010,11:30,Saturday,STONERIDGE DR,JOHNSON DR,6151999.248,2076913.842,37.69027104,-121.9158651,Property Damage Only,0,0,,Improper Passing,No,Sideswipe,Other Motor Vehicle,No Pedestrian Involved,21755,,Clear,No Unusual Condition,Daylight,Functioning,Driver,52,Not Stated,Proceeding Straight,Not Stated,Not Stated,Impairment Not Known,Driver,35,Not Stated,Proceeding Straight,Not Stated,Not Stated,Impairment Not Known,Lap/Shoulder Harness Used
20100032511,7/10/2010,13:54,Saturday,FOOTHILL RD,GOLDEN EAGLE WY (N),6156144.719,2060380.909,37.64504615,-121.9007479,Property Damage Only,1,0,,Improper Turning,No,Sideswipe,Bicycle,No Pedestrian Involved,22107,,Clear,No Unusual Condition,Daylight,Functioning,Driver,73,Female,Changing Lanes,Not Stated,Not Stated,HNBD,Bicyclist,59,Male,Proceeding Straight,Not Stated,Not Stated,HNBD,M/C Helmet Driver - Yes
201000032514,7/10/2010,14:45,Saturday,MAIN ST,DEL VALLE PW,6164071.284,2067716.277,37.66549834,-121.8736184,Property Damage Only,0,0,,Driving Under Influence,No,Rear-End,Other Motor Vehicle,No Pedestrian Involved,23152,,Clear,No Unusual Condition,Daylight,Functioning,,,,,,,,Driver,33,Not Stated,Stopped in Road,Not Stated,Not Stated,HNBD,Lap/Shoulder Harness Used
201000032517,7/10/2010,14:46,Saturday,MAIN ST,STANLEY BL,6164101,2067906,37.66601936,-121.8735157,Complaint of Pain,2,0,,Driving Under Influence,No,Broadside,Other Motor Vehicle,No Pedestrian Involved,23152,,Clear,No Unusual Condition,Daylight,Functioning,,,,,,,,Driver,20,Not Stated,Proceeding Straight,Not Stated,Not Stated,HNBD,Lap/Shoulder Harness Used
201300024164,7/10/2013,09:05,Wednesday,VINEYARD AV,ISABEL AV,6183582.341,2062608.536,37.65221556,-121.8060916,Property Damage Only,0,0,1,Unsafe Starting or Backing,No,Rear-End,Other Motor Vehicle,No Pedestrian Involved,22106,,Clear,No Unusual Condition,Daylight,Functioning,Driver,47,Male,Backing,Cell Phone Not In Use,None Apparent,HNBD,Driver,50,Female,Stopped In Road,Cell Phone Not In Use,None Apparent,HNBD,Lap/Shoulder Harness Used
201300024222,7/10/2013,17:19,Wednesday,STONERIDGE DR,LAS POSITAS BL,6160907,2076197,37.68884348,-121.8849782,Property Damage Only,0,0,1,Unsafe Speed,No,Rear-End,Other Motor Vehicle,No Pedestrian Involved,22350,,Clear,No Unusual Condition,Daylight,Functioning,Driver,21,Female,Proceeding Straight,Cell Phone Not In Use,Inattention,HNBD,Driver,34,Male,Proceeding Straight,Cell Phone Not In Use,None Apparent,HNBD,Lap/Shoulder Harness Used
201400027042,7/10/2014,08:29,Thursday,BERNAL AV,ON RAMP NB I680 FROM BERNAL AVE,6156134.788,2064696.282,37.65699019,-121.9009531,Complaint of Pain,1,0,1,Unsafe Speed,No,Rear-End,Other Motor Vehicle,No Pedestrian Involved,22350,,Clear,No Unusual Condition,Daylight,No Controls Present / Factor,Driver,43,Female,Proceeding Straight,Cell Phone Not In Use,None Apparent,HNBD,Driver,31,Female,Stopped In Road,Cell Phone Not In Use,None Apparent,HNBD,Lap/Shoulder Harness Used
201400027063,7/10/2014,11:47,Thursday,VALLEY AV,PASEO SANTA CRUZ (N),6156897,2070981,37.674194,-121.898638,Complaint of Pain,3,0,1,Traffic Signals and Signs,No,Broadside,Other Motor Vehicle,No Pedestrian Involved,22450,A,Clear,No Unusual Condition,Daylight,Functioning,Driver,44,Female,Proceeding Straight,Cell Phone Not In Use,None Apparent,HNBD,Driver,50,Female,Making Left Turn,Cell Phone Not In Use,None Apparent,HNBD,Lap/Shoulder Harness Used
201400027072,7/10/2014,13:32,Thursday,HACIENDA DR,GIBRALTAR DR (S),6158132,2075645,37.68707734,-121.894579,Property Damage Only,0,0,,Traffic Signals and Signs,No,Broadside,Other Motor Vehicle,No Pedestrian Involved,21453,A,Clear,No Unusual Condition,Daylight,Functioning,Driver,56,Female,Proceeding Straight,Cell Phone Not In Use,None Apparent,HNBD,Driver,54,Female,Proceeding Straight,Cell Phone Not In Use,None Apparent,HNBD,Lap/Shoulder Harness Used
201500025074,7/10/2015,05:53,Friday,HOPYARD RD,OWENS DR,6155369,2079905,37.69865621,-121.9043607,Complaint of Pain,3,0,1,Traffic Signals and Signs,No,Head-On,Other Motor Vehicle,No Pedestrian Involved,21453,A,Cloudy,No Unusual Condition,Daylight,Functioning,Driver,39,Male,Making Left Turn,Cell Phone Not In Use,None Apparent,HNBD,Driver,53,Female,Proceeding Straight,Cell Phone Not In Use,None Apparent,HNBD,Lap/Shoulder Harness Used
201500025085,7/10/2015,07:52,Friday,SANTA RITA RD,STONERIDGE DR,6163110.914,2075447.761,37.68678593,-121.8773621,Other Visible Injury,1,0,1,Unsafe Speed,No,Rear-End,Other Motor Vehicle,No Pedestrian Involved,22350,,Clear,No Unusual Condition,Daylight,No Controls Present / Factor,Driver,61,Male,Proceeding Straight,Cell Phone Not In Use,None Apparent,HNBD,Driver,40,Female,Stopped In Road,Cell Phone Not In Use,None Apparent,HNBD,Lap/Shoulder Harness Used
201600024744,7/10/2016,04:32,Sunday,STONERIDGE DR,GUZMAN PW,6167404,2077847,37.69343109,-121.8625743,Property Damage Only,0,0,1,Improper Turning,Misdemeanor,Hit Object,Fixed Object,No Pedestrian Involved,22107,,Clear,No Unusual Condition,Dark - Street Lights,Functioning,Driver,,,Proceeding Straight,Cell Phone Not In Use,Violation,Impairment Not Known,,,,,,,,
201600024805,7/10/2016,19:54,Sunday,LAS POSITAS BL,DORMAN RD,6154923.786,2073554.739,37.68118065,-121.9056603,Property Damage Only,0,0,1,Improper Turning,No,Hit Object,Fixed Object,No Pedestrian Involved,22107,,Clear,No Unusual Condition,Daylight,Functioning,Driver,35,Female,Making Right Turn,Cell Phone Not In Use,None Apparent,HNBD,,,,,,,,
201700025261,7/10/2017,12:37,Monday,SUNOL BL,ON RAMP SB I680 FROM EB SUNOL BL,6160498,2058231,37.63929314,-121.8854982,Complaint of Pain,1,0,1,Auto R/W Violation,No,Broadside,Other Motor Vehicle,No Pedestrian Involved,21801,A,Clear,No Unusual Condition,Daylight,No Controls Present / Factor,Driver,59,Male,Making Left Turn,Cell Phone Not In Use,None Apparent,HNBD,Driver,18,Female,Proceeding Straight,Cell Phone Not In Use,None Apparent,HNBD,Lap/Shoulder Harness Used
201000033400,7/11/2010,12:45,Sunday,NORTON WY,MALBEC CT,6169792.906,2066361.872,37.66207156,-121.8537907,Property Damage Only,0,0,,Improper Turning,No,Sideswipe,Parked Motor Vehicle,No Pedestrian Involved,22107,,Clear,No Unusual Condition,Daylight,None,Driver,,Not Stated,Proceeding Straight,Not Stated,Not Stated,Impairment Not Known,Parked Vehicle,,Not Stated,Parked,Not Stated,Not Stated,Not Applicable,Not Stated
201131841,7/11/2011,07:45,Monday,HOPYARD RD,DEL VALLE PW,6161056,2068615,37.66785136,-121.8840883,Other Visible Injury,1,0,1,Auto R/W Violation,No,Broadside,Bicycle,No Pedestrian Involved,21804,,Clear,Reduced Roadway Width,Daylight,None,Bicyclist,15,Male,Other,Cell Phone Not In Use,Vision Obscurements,HNBD,Driver,25,Male,Making Right Turn,Cell Phone Not In Use,None Apparent,HNBD,Lap/Shoulder Harness Used
201300024271,7/11/2013,07:36,Thursday,ABBIE ST,FIRST ST,6163459.775,2064953.012,37.65790987,-121.8757307,Other Visible Injury,1,0,1,Traffic Signals and Signs,No,Broadside,Bicycle,No Pedestrian Involved,22450,A,Clear,No Unusual Condition,Daylight,Functioning,Driver,30,Female,Proceeding Straight,Cell Phone Not In Use,None Apparent,HNBD,Bicyclist,54,Male,Proceeding Straight,Cell Phone Not In Use,None Apparent,HNBD,M/C Helmet Driver - No
201300024276,7/11/2013,07:50,Thursday,MAIN ST,RAY ST,6163969.752,2067387.056,37.66459424,-121.8739691,Property Damage Only,0,0,1,Unsafe Starting or Backing,No,Rear-End,Other Motor Vehicle,No Pedestrian Involved,22106,,Clear,No Unusual Condition,Daylight,Functioning,Driver,46,Male,Proceeding Straight,Cell Phone Handheld In Use,Inattention,HNBD,Driver,40,Male,Stopped In Road,Cell Phone Not In Use,None Apparent,HNBD,Lap/Shoulder Harness Used
201300024313,7/11/2013,13:14,Thursday,STONERIDGE DR,JOHNSON DR,6152265.615,2076884.388,37.69019016,-121.9149446,Other Visible Injury,1,0,1,Unsafe Speed,No,Rear-End,Other Motor Vehicle,No Pedestrian Involved,22350,,Clear,No Unusual Condition,Daylight,Functioning,Driver,54,Male,Proceeding Straight,Cell Phone Handsfree In Use,Violation,HNBD,Driver,19,Female,Stopped In Road,Cell Phone Not In Use,None Apparent,HNBD,Lap/Shoulder Harness Used
201400027241,7/11/2014,18:00,Friday,STONERIDGE DR,OFF RAMP SB I680 TO STONERIDGE DR,6150684,2077057,37.69066418,-121.9204103,Property Damage Only,0,0,1,Improper Turning,No,Hit Object,Fixed Object,No Pedestrian Involved,22107,,Clear,No Unusual Condition,Daylight,Functioning,Driver,53,Male,Making Right Turn,Cell Phone Not In Use,None Apparent,HNBD,,,,,,,,
201500025257,7/11/2015,11:20,Saturday,SANTA RITA RD,VALLEY AV,6164066,2071769,37.67666,-121.873867,Other Visible Injury,1,0,1,Unsafe Speed,No,Hit Object,Fixed Object,No Pedestrian Involved,22350,,Clear,No Unusual Condition,Daylight,Functioning,Bicyclist,52,Female,Proceeding Straight,Cell Phone Not In Use,None Apparent,HNBD,,,,,,,,
201700025374,7/11/2017,07:19,Tuesday,HACIENDA DR,LAS POSITAS BL,6158165,2074882,37.684982,-121.894465,Other Visible Injury,1,0,1,Wrong Side of Road,No,Broadside,Bicycle,No Pedestrian Involved,21650,,Clear,No Unusual Condition,Daylight,Functioning,Bicyclist,16,Male,Proceeding Straight,Cell Phone Not In Use,None Apparent,HNBD,Driver,18,Male,Making Right Turn,Cell Phone Not In Use,None Apparent,HNBD,Lap/Shoulder Harness Used
201800027702,7/11/2018,20:08,Wednesday,JOHNSON DR,COMMERCE DR,6150966.031,2078971.719,37.69592236,-121.9194357,Property Damage Only,0,0,1,Wrong Side of Road,No,Head-On,Other Motor Vehicle,No Pedestrian Involved,21460,A,Clear,No Unusual Condition,Dusk - Dawn,No Controls Present / Factor,Driver,26,Female,Proceeding Straight,Cell Phone Not In Use,None Apparent,HNBD,Driver,54,Male,Proceeding Straight,Cell Phone Not In Use,None Apparent,HNBD,Lap/Shoulder Harness Used
201800027703,7/11/2018,20:36,Wednesday,DUBLIN CANYON RD,CANYON MEADOWS DR,6142896.892,2078680.973,37.69469224,-121.9474036,Complaint of Pain,1,0,1,Unsafe Speed,No,Hit Object,Fixed Object,No Pedestrian Involved,22350,,Clear,No Unusual Condition,Dark - No Street Lights,No Controls Present / Factor,Driver,23,Female,Proceeding Straight,Cell Phone Not In Use,Inattention,HNBD,,,,,,,,
201032845,7/12/2010,08:11,Monday,STONERIDGE DR,LAS POSITAS BL,6160835.374,2076263.885,37.68902716,-121.8852257,Property Damage Only,0,0,,Unsafe Speed,No,Rear-End,Other Motor Vehicle,No Pedestrian Involved,22350,,Clear,No Unusual Condition,Daylight,Functioning,Driver,24,Not Stated,Proceeding Straight,Not Stated,Not Stated,HNBD,Driver,67,Not Stated,Stopped in Road,Not Stated,Not Stated,HNBD,Lap/Shoulder Harness Used
201132033,7/12/2011,11:42,Tuesday,MAIN ST,SPRING ST,6163773.705,2066818.5,37.66303287,-121.8746464,Other Visible Injury,1,0,,Unknown,No,Sideswipe,Bicycle,No Pedestrian Involved,,,Clear,No Unusual Condition,Daylight,None,Bicyclist,18,Male,Proceeding Straight,Cell Phone Not In Use,None Apparent,HNBD,Driver,27,Female,Proceeding Straight,Cell Phone Not In Use,None Apparent,HNBD,Lap/Shoulder Harness Used
201132054,7/12/2011,13:51,Tuesday,SANTA RITA RD,LAS POSITAS BL,6162819,2077378,37.69208672,-121.8783709,Complaint of Pain,2,0,1,Traffic Signals and Signs,No,Broadside,Other Motor Vehicle,No Pedestrian Involved,21453,,Clear,No Unusual Condition,Daylight,Functioning,Driver,28,Female,Proceeding Straight,Cell Phone Not In Use,None Apparent,HNBD,Driver,44,Male,Making Left Turn,Cell Phone Not In Use,None Apparent,HNBD,Lap/Shoulder Harness Used
201300024403,7/12/2013,05:26,Friday,BERNAL AV,VALLEY AV (W),6157276,2065234,37.65846687,-121.8970111,Complaint of Pain,4,0,1,Traffic Signals and Signs,No,Broadside,Other Motor Vehicle,No Pedestrian Involved,21453,A,Clear,No Unusual Condition,Dark - Street Lights,Functioning,Driver,26,Female,Proceeding Straight,Cell Phone Not In Use,None Apparent,HNBD,Driver,40,Male,Making Left Turn,Cell Phone Not In Use,None Apparent,HNBD,Lap/Shoulder Harness Used
201300024418,7/12/2013,09:51,Friday,CALIFORNIA AV,NEVADA ST,6167738.887,2068221.587,37.66706637,-121.861132,Property Damage Only,0,0,1,Auto R/W Violation,No,Broadside,Other Motor Vehicle,No Pedestrian Involved,21804,A,Clear,No Unusual Condition,Daylight,No Controls Present / Factor,Driver,40,Female,Entering Traffic,Cell Phone Not In Use,None Apparent,HNBD,Driver,51,Male,Proceeding Straight,Cell Phone Not In Use,None Apparent,HNBD,Lap/Shoulder Harness Used
201300024501,7/12/2013,22:23,Friday,HACIENDA DR,STONERIDGE DR,6158120,2077220,37.69143078,-121.8947613,Property Damage Only,0,0,,Traffic Signals and Signs,No,Broadside,Other Motor Vehicle,No Pedestrian Involved,21453,A,Clear,No Unusual Condition,Dark - Street Lights,Functioning,Driver,50,Male,Proceeding Straight,Cell Phone Not In Use,None Apparent,HNBD,Driver,24,Male,Making Left Turn,Cell Phone Not In Use,None Apparent,HNBD,Lap/Shoulder Harness Used
201400027315,7/12/2014,10:35,Saturday,VALLEY AV,SANTA RITA RD,6164066,2071769,37.67666,-121.873867,Property Damage Only,0,0,1,Traffic Signals and Signs,No,Broadside,Other Motor Vehicle,No Pedestrian Involved,21453,A,Clear,No Unusual Condition,Daylight,Functioning,Driver,16,Male,Making Left Turn,Cell Phone Not In Use,None Apparent,HNBD,Driver,16,Male,Proceeding Straight,Cell Phone Not In Use,None Apparent,HNBD,Lap/Shoulder Harness Used
201600024974,7/12/2016,08:43,Tuesday,SUNOL BL,ON RAMP SB I680 FROM EB SUNOL BL,6160498,2058231,37.63929314,-121.8854982,Complaint of Pain,1,0,1,Auto R/W Violation,No,Head-On,Other Motor Vehicle,No Pedestrian Involved,21801,A,Clear,No Unusual Condition,Daylight,No Controls Present / Factor,Driver,58,Male,Making Left Turn,Cell Phone Not In Use,None Apparent,HNBD,Driver,39,Male,Proceeding Straight,Cell Phone Not In Use,None Apparent,HNBD,Lap/Shoulder Harness Used
201600025022,7/12/2016,15:00,Tuesday,QUARRY LN,SERPENTINE LN (N),6166445.881,2070993.988,37.67467992,-121.8655995,Property Damage Only,0,0,1,Wrong Side of Road,No,Sideswipe,Other Motor Vehicle,No Pedestrian Involved,21752,A,Clear,No Unusual Condition,Daylight,No Controls Present / Factor,Driver,23,Male,Passing Other Vehicle,Cell Phone Not In Use,None Apparent,HNBD,Driver,21,Male,Making U Turn,Cell Phone Not In Use,None Apparent,HNBD,Lap/Shoulder Harness Used
201700025623,7/12/2017,16:45,Wednesday,JOHNSON DR,COMMERCE DR,6151280.649,2080887.143,37.70135336,-121.9184912,Other Visible Injury,1,0,1,Auto R/W Violation,No,Broadside,Other Motor Vehicle,No Pedestrian Involved,21804,A,Clear,No Unusual Condition,Daylight,No Controls Present / Factor,Driver,64,Male,Making Left Turn,Cell Phone Not In Use,None Apparent,HNBD,Driver,45,Male,Proceeding Straight,Cell Phone Not In Use,None Apparent,HNBD,M/C Helmet Driver - Yes
201800027748,7/12/2018,07:42,Thursday,SUNOL BL,ON RAMP NB I680 FROM EB SUNOL BL,6160927,2058505,37.6400456,-121.8840166,Complaint of Pain,1,0,1,Auto R/W Violation,No,Broadside,Other Motor Vehicle,No Pedestrian Involved,21801,A,Clear,No Unusual Condition,Daylight,No Controls Present / Factor,Driver,65,Male,Making Left Turn,Cell Phone Not In Use,None Apparent,HNBD,Driver,37,Male,Proceeding Straight,Cell Phone Not In Use,None Apparent,HNBD,M/C Helmet Driver - Yes
201800027832,7/12/2018,17:39,Thursday,VALLEY AV,BUSCH RD,6167240,2071281,37.67546811,-121.8628558,Other Visible Injury,1,0,1,Unsafe Starting or Backing,No,Rear-End,Other Motor Vehicle,No Pedestrian Involved,22106,,Clear,No Unusual Condition,Daylight,Functioning,Driver,20,Female,Stopped In Road,Cell Phone Not In Use,None Apparent,HNBD,Driver,33,Male,Stopped In Road,Cell Phone Not In Use,None Apparent,HNBD,M/C Helmet Driver - Yes
201800027849,7/12/2018,19:38,Thursday,MAIN ST,ST JOHN ST,6163851.251,2067041.457,37.66364515,-121.8743785,Property Damage Only,0,0,1,Improper Passing,No,Sideswipe,Other Motor Vehicle,No Pedestrian Involved,21755,,Clear,No Unusual Condition,Daylight,Functioning,Driver,39,Female,Proceeding Straight,Cell Phone Not In Use,None Apparent,HNBD,Driver,46,Male,Making Right Turn,Cell Phone Not In Use,None Apparent,HNBD,Lap/Shoulder Harness Used
201000033039,7/13/2010,10:18,Tuesday,ROSEWOOD DR,SANTA RITA RD,6163654.964,2079752.94,37.69852696,-121.8757428,Other Visible Injury,1,0,,Other Improper Driving,No,Rear-End,Other Motor Vehicle,No Pedestrian Involved,,,Clear,No Unusual Condition,Daylight,None,Driver,37,Not Stated,Proceeding Straight,Not Stated,Not Stated,HNBD,Driver,32,Not Stated,Proceeding Straight,Not Stated,Not Stated,HNBD,Lap/Shoulder Harness Used
201000033120,7/13/2010,18:27,Tuesday,CALLE ALTAMIRA,CORTE ELENA,6156171.722,2067430.278,37.66434982,-121.9010108,Property Damage Only,0,0,,Improper Turning,No,Rear-End,Parked Motor Vehicle,No Pedestrian Involved,22107,,Clear,No Unusual Condition,Daylight,None,Bicyclist,13,Male,Making Right Turn,Cell Phone Not In Use,Inattention,HNBD,Parked Vehicle,,Not Stated,Parked,Not Stated,Not Stated,Not Applicable,Not Stated
201300024544,7/13/2013,07:48,Saturday,SANTA RITA RD,STONERIDGE DR,6163009.023,2075840.768,37.6878652,-121.8777142,Property Damage Only,0,0,1,Improper Turning,No,Hit Object,Fixed Object,No Pedestrian Involved,22107,,Clear,No Unusual Condition,Daylight,Functioning,Driver,22,Female,Proceeding Straight,Cell Phone Not In Use,None Apparent,HNBD,Driver,43,Female,Stopped In Road,Cell Phone Not In Use,None Apparent,HNBD,Lap/Shoulder Harness Used
201500025470,7/13/2015,12:43,Monday,ROSEWOOD DR,SANTA RITA RD,6163654.909,2079758.94,37.69854344,-121.875743,Other Visible Injury,1,0,1,Ped R/W Violation,No,Vehicle - Pedestrian,Pedestrian,Crossing In Crosswalk At Intersection,21950,A,Clear,No Unusual Condition,Daylight,Functioning,Driver,40,Male,Making Left Turn,Cell Phone Not In Use,None Apparent,HNBD,Pedestrian,20,Female,Other,Cell Phone Not In Use,None Apparent,HNBD,
201500025493,7/13/2015,17:16,Monday,VALLEY AV,SANTA RITA RD,6163973.029,2071771.242,37.67666616,-121.8741882,Property Damage Only,0,0,1,Improper Turning,No,Hit Object,Fixed Object,No Pedestrian Involved,22107,,Clear,No Unusual Condition,Daylight,Functioning,Driver,,,Other Unsafe Turning,,,Impairment Not Known,,,,,,,,
201600025145,7/13/2016,11:53,Wednesday,SANTA RITA RD,NAVAJO CT,6162830,2076670,37.69014243,-121.8783328,Other Visible Injury,2,0,1,Auto R/W Violation,No,Broadside,Other Motor Vehicle,No Pedestrian Involved,21801,A,Clear,No Unusual Condition,Daylight,No Controls Present / Factor,Driver,76,Female,Making Left Turn,Cell Phone Not In Use,None Apparent,HNBD,Driver,22,Male,Proceeding Straight,Cell Phone Not In Use,None Apparent,HNBD,Lap/Shoulder Harness Used
201600025156,7/13/2016,12:37,Wednesday,BERNAL AV,NEVADA CT,6168946.429,2068233.466,37.66709899,-121.8569603,Complaint of Pain,1,0,1,Improper Turning,No,Overturned,Other Motor Vehicle,No Pedestrian Involved,22107,,Clear,No Unusual Condition,Daylight,No Controls Present / Factor,Driver,51,Male,Making U Turn,,None Apparent,HNBD,Driver,23,Male,Proceeding Straight,,None Apparent,HNBD,Lap/Shoulder Harness Used
201800027869,7/13/2018,00:21,Friday,SANTA RITA RD,STONERIDGE DR,6162925.11,2076146.395,37.68870451,-121.8780042,Other Visible Injury,1,0,1,Driving Under Influence,No,Hit Object,Fixed Object,No Pedestrian Involved,23153,A,Clear,No Unusual Condition,Dark - Street Lights,Functioning,Driver,28,Male,Making Right Turn,Cell Phone Not In Use,Violation,HBD Under Influence,,,,,,,,
201000033275,7/14/2010,13:36,Wednesday,WALNUT DR,RAY ST,6164428.264,2066991.795,37.66350877,-121.8723852,Property Damage Only,1,0,,Auto R/W Violation,No,Broadside,Bicycle,No Pedestrian Involved,21804,,Clear,No Unusual Condition,Daylight,None,Bicyclist,15,Male,Proceeding Straight,Cell Phone Not In Use,Violation,HNBD,Driver,48,Male,Making Right Turn,Not Stated,Not Stated,HNBD,Lap/Shoulder Harness Used
201000033319,7/14/2010,19:50,Wednesday,VINEYARD AV,VINEYARD TE,6175609.164,2066922.857,37.6638904,-121.8337209,Severe Injury,1,0,,Improper Turning,No,Sideswipe,Bicycle,No Pedestrian Involved,22107,,Clear,No Unusual Condition,Daylight,None,Driver,52,Male,Proceeding Straight,Not Stated,Not Stated,HNBD,Bicyclist,60,Male,Proceeding Straight,Not Stated,Not Stated,HNBD,M/C Helmet Driver - Yes
2011032325,7/14/2011,07:59,Thursday,VALLEY AV,KOLLN ST,6165306.319,2071605.784,37.67621178,-121.8695816,Complaint of Pain,1,0,1,Unsafe Speed,No,Rear-End,Other Motor Vehicle,No Pedestrian Involved,22350,,Cloudy,No Unusual Condition,Daylight,None,Driver,52,Male,Proceeding Straight,Cell Phone Not In Use,Inattention,HNBD,Driver,46,Female,Stopped in Road,Cell Phone Not In Use,None Apparent,HNBD,Lap/Shoulder Harness Used
201400027542,7/14/2014,07:26,Monday,FIRST ST,ABBIE ST,6163315.204,2064788.483,37.65745804,-121.8762301,Property Damage Only,0,0,1,Unsafe Speed,No,Rear-End,Other Motor Vehicle,No Pedestrian Involved,22350,,Clear,No Unusual Condition,Daylight,No Controls Present / Factor,Driver,30,Male,Proceeding Straight,Cell Phone Not In Use,None Apparent,HNBD,Driver,51,Male,Stopped In Road,Cell Phone Not In Use,None Apparent,HNBD,Lap/Shoulder Harness Used
201400027549,7/14/2014,08:30,Monday,STONERIDGE DR,WILLOW RD,6157081,2077249,37.69151042,-121.8983519,Property Damage Only,0,0,1,Traffic Signals and Signs,No,Broadside,Other Motor Vehicle,No Pedestrian Involved,21453,A,Clear,No Unusual Condition,Daylight,Functioning,Driver,62,Male,Proceeding Straight,Cell Phone Not In Use,None Apparent,HNBD,Driver,19,Male,Making Left Turn,Cell Phone Not In Use,None Apparent,HNBD,Lap/Shoulder Harness Used