Report Number,Date,Time,Collision Day of Week,Primary Road,Secondary Road,X,Y,Latitude,Longitude,Highest Degree of Injury,Number Injured,Number Killed,Party at Fault,Primary Collision Factor,Hit and Run,Collision Type,Involved With,Pedestrian Action,Violation,Violation Subsection,Weather,Road Condition1,Lighting,Right of Way Controls,Party Type 1,Party Age 1,Party Sex 1,Movement Preceding Collision 1,special information 1,Associated Cause - Factor 1 1,Party Sobriety 1 1,Party Type 2,Party Age 2,Party Sex 2,Movement Preceding Collision 2,special information 2,Associated Cause - Factor 1 2,Party Sobriety 1 2,Safety Equipment 2
201400027592,7/14/2014,12:10,Monday,QUARRY LN,SERPENTINE LN (N),6166444.422,2070752.145,37.67401577,-121.8656045,Property Damage Only,0,0,1,Unsafe Speed,No,Rear-End,Other Motor Vehicle,No Pedestrian Involved,22350,,Clear,No Unusual Condition,Daylight,No Controls Present / Factor,Driver,33,Male,Proceeding Straight,Cell Phone Not In Use,Inattention,HNBD,Driver,47,Male,Stopped In Road,Cell Phone Not In Use,None Apparent,HNBD,Lap/Shoulder Harness Used
201600025329,7/14/2016,17:49,Thursday,STONERIDGE DR,WILLOW RD,6157081,2077249,37.69151042,-121.8983519,Other Visible Injury,1,0,1,Wrong Side of Road,No,Broadside,Bicycle,No Pedestrian Involved,21650,,Clear,Reduced Roadway Width,Daylight,Functioning,Bicyclist,22,Male,Proceeding Straight,Cell Phone Not In Use,None Apparent,HNBD,Driver,42,Male,Making Right Turn,Cell Phone Not In Use,None Apparent,HNBD,Lap/Shoulder Harness Used
201700025974,7/14/2017,22:45,Friday,LAGOON RD,LAGUNA CREEK LN (S),6157989.618,2061306.509,37.64758803,-121.894376,Other Visible Injury,1,0,1,Improper Turning,No,Hit Object,Fixed Object,No Pedestrian Involved,22107,,Clear,No Unusual Condition,Dark - Street Lights,No Controls Present / Factor,Driver,26,Male,Proceeding Straight,Cell Phone Handheld In Use,Inattention,HNBD,,,,,,,,
201000033398,7/15/2010,07:52,Thursday,TASSAJARA RD,OFF RAMP WB I580 TO TASSAJARA RD,6164732,2081233,37.70259147,-121.87202,Complaint of Pain,1,0,,Unsafe Speed,No,Rear-End,Other Motor Vehicle,No Pedestrian Involved,22350,,Clear,No Unusual Condition,Daylight,Functioning,Driver,44,Not Stated,Proceeding Straight,Not Stated,Not Stated,HNBD,Driver,62,Not Stated,Stopped in Road,Not Stated,Not Stated,HNBD,Lap/Shoulder Harness Used
201000033429,7/15/2010,10:09,Thursday,ABBIE ST,MAIN ST,6163196.982,2065190.627,37.6585624,-121.8766385,Complaint of Pain,1,0,,Unsafe Starting or Backing,No,Sideswipe,Other Motor Vehicle,No Pedestrian Involved,22106,,Clear,No Unusual Condition,Daylight,None,Driver,22,Not Stated,Entering Traffic,Not Stated,Not Stated,HNBD,Driver,48,Not Stated,Proceeding Straight,Not Stated,Not Stated,HNBD,Lap/Shoulder Harness Used
201000033546,7/15/2010,18:20,Thursday,LAS POSITAS BL,FAIRLANDS DR,6163249.926,2077377.913,37.69208648,-121.8768817,Complaint of Pain,1,0,,Ped R/W Violation,No,Broadside,Bicycle,No Pedestrian Involved,21950,,Clear,No Unusual Condition,Daylight,Functioning,Driver,48,Male,Proceeding Straight,Not Stated,Not Stated,HNBD,Bicyclist,24,Male,Proceeding Straight,Not Stated,Not Stated,HNBD,M/C Helmet Driver - No
201100032588,7/15/2011,16:39,Friday,STONERIDGE MALL RD,EMBARCADERO CT,6148238.451,2079859.863,37.69821492,-121.9289168,Property Damage Only,0,0,1,Improper Turning,No,Overturned,Parked Motor Vehicle,No Pedestrian Involved,22107,,Clear,No Unusual Condition,Daylight,None,Driver,20,Female,Proceeding Straight,Cell Phone Not In Use,None Apparent,HNBD,Parked Vehicle,,Not Stated,Not Stated,Not Stated,Not Stated,Not Stated,Not Stated
201400027660,7/15/2014,06:51,Tuesday,CRESTLINE RD,BLACK AV,6159846.681,2070247.994,37.67243045,-121.8884169,Other Visible Injury,1,0,1,Improper Turning,No,Sideswipe,Parked Motor Vehicle,No Pedestrian Involved,22107,,Cloudy,No Unusual Condition,Daylight,Not Functioning,Driver,52,Female,Proceeding Straight,Cell Phone Not In Use,None Apparent,HNBD,Parked Vehicle,,,Parked,,None Apparent,Not Applicable,
201400027688,7/15/2014,11:38,Tuesday,ROSEWOOD DR,WALMART,6161152.41,2080303.348,37.70003848,-121.8843921,Complaint of Pain,4,0,1,Unsafe Speed,No,Rear-End,Other Motor Vehicle,No Pedestrian Involved,22350,,Clear,No Unusual Condition,Daylight,No Controls Present / Factor,Driver,19,Male,Proceeding Straight,Cell Phone Not In Use,None Apparent,HNBD,Driver,52,Male,Making U Turn,Cell Phone Not In Use,None Apparent,HNBD,Lap/Shoulder Harness Used
201400027706,7/15/2014,13:32,Tuesday,MUIRWOOD DR,PECAN CT,6152479.025,2071068.427,37.67423775,-121.9139189,Property Damage Only,0,0,1,Improper Turning,No,Hit Object,Other Object,No Pedestrian Involved,22107,,Clear,No Unusual Condition,Daylight,No Controls Present / Factor,Driver,67,Male,Ran Off Road,Cell Phone Not In Use,None Apparent,HNBD,,,,,,,,
201500025690,7/15/2015,08:22,Wednesday,STONERIDGE DR,JOHNSON DR,6151094.115,2077007.784,37.69052903,-121.918993,Other Visible Injury,2,0,1,Unsafe Speed,No,Rear-End,Other Motor Vehicle,No Pedestrian Involved,22350,,Clear,No Unusual Condition,Daylight,No Controls Present / Factor,Driver,45,Female,Proceeding Straight,Cell Phone Not In Use,Inattention,HNBD,Driver,53,Female,Stopped In Road,Cell Phone Not In Use,None Apparent,HNBD,Lap/Shoulder Harness Used
201600025500,7/15/2016,23:37,Friday,STANLEY BL,BERNAL AV,6169636.023,2069533.566,37.67066932,-121.8545777,Complaint of Pain,1,0,1,Unsafe Speed,No,Rear-End,Other Motor Vehicle,No Pedestrian Involved,22350,,Clear,No Unusual Condition,Dark - Street Lights,No Controls Present / Factor,Driver,16,Male,Proceeding Straight,Cell Phone Not In Use,None Apparent,HNBD,Driver,33,Male,Proceeding Straight,Cell Phone Not In Use,None Apparent,HNBD,Lap/Shoulder Harness Used
201000033661,7/16/2010,13:30,Friday,OWENS DR,JOHNSON CT,6155203.89,2079847.023,37.698497,-121.9049314,Property Damage Only,0,0,,Improper Passing,No,Sideswipe,Motor Vehicle on Other Roadway,No Pedestrian Involved,21755,,Clear,Not Stated,Daylight,None,Driver,22,Not Stated,Passing Other Vehicle,Not Stated,Not Stated,HNBD,Driver,69,Not Stated,Proceeding Straight,Not Stated,Not Stated,HNBD,Lap/Shoulder Harness Used
201300024870,7/16/2013,16:01,Tuesday,OLD BERNAL AV,AUGUSTINE ST,6162281.998,2065184.766,37.65854631,-121.8797991,Property Damage Only,0,0,1,Auto R/W Violation,No,Broadside,Other Motor Vehicle,No Pedestrian Involved,21802,A,Clear,No Unusual Condition,Daylight,Functioning,Driver,72,Female,Making Left Turn,Cell Phone Not In Use,None Apparent,HNBD,Driver,46,Male,Proceeding Straight,Cell Phone Not In Use,None Apparent,HNBD,Lap/Shoulder Harness Used
201400027798,7/16/2014,06:52,Wednesday,FOOTHILL RD,GOLDEN EAGLE WY (N),6156081.391,2060444.763,37.6452215,-121.9009666,Complaint of Pain,2,0,1,Unsafe Speed,No,Rear-End,Other Motor Vehicle,No Pedestrian Involved,22350,,Cloudy,No Unusual Condition,Daylight,Functioning,Driver,38,Male,Slowing/Stopping,Cell Phone Not In Use,Inattention,HNBD,Driver,45,Male,Slowing/Stopping,Cell Phone Not In Use,None Apparent,HNBD,Lap/Shoulder Harness Used
201500025913,7/16/2015,17:31,Thursday,FIRST ST,ANGELA ST,6163749,2065268,37.65877489,-121.8747317,Other Visible Injury,1,0,1,Auto R/W Violation,No,Broadside,Bicycle,No Pedestrian Involved,21802,A,Clear,No Unusual Condition,Daylight,No Controls Present / Factor,Bicyclist,60,Male,Making Left Turn,,None Apparent,HNBD,Driver,63,Male,Proceeding Straight,Cell Phone Not In Use,None Apparent,HNBD,Lap/Shoulder Harness Used
201700028321,7/16/2017,15:10,Sunday,SUTTER GATE AV,MCHENRY GATE WY,6162184.364,2074915.344,37.68532381,-121.8805638,Complaint of Pain,1,0,1,Auto R/W Violation,No,Sideswipe,Other Motor Vehicle,No Pedestrian Involved,21804,B,Clear,No Unusual Condition,Daylight,No Controls Present / Factor,Driver,76,Female,Proceeding Straight,Cell Phone Not In Use,None Apparent,HNBD,Driver,54,Male,Backing,Cell Phone Not In Use,None Apparent,HNBD,Lap/Shoulder Harness Used
201800028235,7/16/2018,08:42,Monday,FIRST ST,ABBIE ST,6163364.136,2064842.655,37.6576068,-121.8760611,Complaint of Pain,1,0,1,Unsafe Speed,No,Rear-End,Other Motor Vehicle,No Pedestrian Involved,22350,,Clear,No Unusual Condition,Daylight,No Controls Present / Factor,Driver,27,Male,Proceeding Straight,Cell Phone Not In Use,Other,Sleepy - Fatigued,Driver,56,Female,Slowing/Stopping,Cell Phone Not In Use,None Apparent,HNBD,Lap/Shoulder Harness Used
201800028241,7/16/2018,09:40,Monday,HOPYARD RD,INGLEWOOD DR,6155507,2076069,37.68808528,-121.9036448,Other Visible Injury,1,0,,Other Than Driver,No,Other,Non-Collision,No Pedestrian Involved,,,Clear,No Unusual Condition,Daylight,Functioning,Bicyclist,67,Male,Proceeding Straight,Cell Phone Not In Use,None Apparent,HNBD,,,,,,,,
201800028270,7/16/2018,16:45,Monday,GIBRALTAR DR,CHABOT DR,6156264,2078894,37.69587982,-121.9012675,Complaint of Pain,2,0,1,Traffic Signals and Signs,No,Broadside,Other Motor Vehicle,No Pedestrian Involved,21453,A,Clear,No Unusual Condition,Daylight,Functioning,Driver,41,Female,Proceeding Straight,Cell Phone Not In Use,None Apparent,HNBD,Driver,25,Male,Proceeding Straight,Cell Phone Not In Use,None Apparent,HNBD,Lap/Shoulder Harness Used
201200026490,7/17/2012,05:55,Tuesday,LAGUNA HILLS LN,FAWN HILLS LN,6156794.023,2062100.469,37.64976841,-121.8985052,Property Damage Only,0,0,1,Improper Turning,No,Hit Object,Fixed Object,No Pedestrian Involved,22107,,Clear,No Unusual Condition,Dusk - Dawn,None,Driver,,Not Stated,Other Unsafe Turning,Not Stated,None Apparent,Impairment Not Known,,,,,,,,
201300025011,7/17/2013,18:15,Wednesday,BERNAL AV,ON RAMP NB I680 FROM BERNAL AVE,6156153.018,2064704.507,37.65701278,-121.9008901,Property Damage Only,0,0,1,Unsafe Speed,No,Rear-End,Other Motor Vehicle,No Pedestrian Involved,22350,,Clear,No Unusual Condition,Daylight,Functioning,Driver,19,Male,Slowing/Stopping,Cell Phone Not In Use,None Apparent,HNBD,Driver,64,Male,Stopped In Road,Cell Phone Not In Use,None Apparent,HNBD,Lap/Shoulder Harness Used
201400027986,7/17/2014,14:01,Thursday,VALLEY AV,NORTHWAY RD (W),6158407.047,2071863.032,37.67661623,-121.8934206,Complaint of Pain,1,0,1,Unsafe Speed,No,Rear-End,Other Motor Vehicle,No Pedestrian Involved,22350,,Clear,No Unusual Condition,Daylight,Functioning,Driver,64,Female,Slowing/Stopping,Cell Phone Not In Use,None Apparent,HNBD,Driver,62,Male,Stopped In Road,Cell Phone Not In Use,None Apparent,HNBD,Lap/Shoulder Harness Used
201400027992,7/17/2014,15:16,Thursday,DUBLIN CANYON RD,CANYON MEADOWS DR,6142345,2078804,37.6950301,-121.9493109,Complaint of Pain,1,0,1,Unsafe Speed,No,Rear-End,Other Motor Vehicle,No Pedestrian Involved,22350,,Clear,No Unusual Condition,Daylight,No Controls Present / Factor,Driver,24,Female,Proceeding Straight,Cell Phone Handsfree In Use,Violation,HNBD,Driver,36,Male,Proceeding Straight,Cell Phone Not In Use,None Apparent,HNBD,Lap/Shoulder Harness Used
201500026019,7/17/2015,12:59,Friday,COMMERCE CI,COMMERCE DR,6151302.845,2079358.899,37.69698562,-121.9182717,Property Damage Only,0,0,1,Unsafe Starting or Backing,No,Broadside,Parked Motor Vehicle,No Pedestrian Involved,22106,,Clear,No Unusual Condition,Daylight,No Controls Present / Factor,Driver,35,Male,Backing,Cell Phone Not In Use,None Apparent,HNBD,Parked Vehicle,,,Parked,,,Not Applicable,
201033964,7/18/2010,10:32,Sunday,DOUGHERTY RD,OFF RAMP WB I580 TO DOUGHERTY RD,6154323,2081541,37.70314896,-121.9079761,Other Visible Injury,2,0,,Traffic Signals and Signs,No,Broadside,Other Motor Vehicle,No Pedestrian Involved,21453,,Clear,No Unusual Condition,Daylight,Functioning,Driver,30,Not Stated,Proceeding Straight,Not Stated,Not Stated,HNBD,Driver,71,Not Stated,Making Left Turn,Not Stated,Not Stated,HNBD,Lap/Shoulder Harness Used
201400028090,7/18/2014,09:30,Friday,HOPYARD RD,BLACK AV (N),6159003.012,2070267.26,37.67223393,-121.8913619,Complaint of Pain,1,0,1,Unsafe Speed,No,Rear-End,Other Motor Vehicle,No Pedestrian Involved,22350,,Clear,No Unusual Condition,Daylight,No Controls Present / Factor,Driver,28,Male,Proceeding Straight,Cell Phone Not In Use,None Apparent,HNBD,Driver,48,Male,Stopped In Road,Cell Phone Not In Use,None Apparent,HNBD,Lap/Shoulder Harness Used
201400028134,7/18/2014,15:32,Friday,PALOMINO DR,NORTON WY,6169672.986,2065249.068,37.65901558,-121.8542048,Complaint of Pain,1,0,1,Improper Turning,No,Head-On,Other Motor Vehicle,No Pedestrian Involved,22103,,Clear,No Unusual Condition,Daylight,No Controls Present / Factor,Driver,20,Male,Making U Turn,Cell Phone Not In Use,None Apparent,HNBD,Driver,53,Male,Proceeding Straight,Cell Phone Not In Use,None Apparent,HNBD,Lap/Shoulder Harness Used
201400028147,7/18/2014,16:44,Friday,HOPYARD RD,OWENS DR,6155150.119,2080239.706,37.69957538,-121.9051172,Property Damage Only,0,0,1,Improper Turning,Misdemeanor,Sideswipe,Other Motor Vehicle,No Pedestrian Involved,22107,,Clear,No Unusual Condition,Daylight,Functioning,Driver,,,Changing Lanes,Cell Phone Not In Use,None Apparent,Impairment Not Known,Driver,20,Male,Proceeding Straight,Cell Phone Not In Use,None Apparent,HNBD,Lap/Shoulder Harness Used
201500026159,7/18/2015,19:16,Saturday,HOPYARD RD,STONERIDGE DR,6155541,2077290,37.69147495,-121.9037662,Property Damage Only,0,0,1,Unsafe Speed,Misdemeanor,Rear-End,Other Motor Vehicle,No Pedestrian Involved,22350,,Clear,No Unusual Condition,Dusk - Dawn,Functioning,Driver,,,Proceeding Straight,Cell Phone Not In Use,None Apparent,Impairment Not Known,Driver,41,Male,Stopped In Road,Cell Phone Not In Use,None Apparent,HNBD,Lap/Shoulder Harness Used
201600025758,7/18/2016,02:44,Monday,STONERIDGE MALL RD,LAUREL CREEK WY,6148174,2077658,37.69216821,-121.9291398,Complaint of Pain,1,0,1,Driving Under Influence,No,Hit Object,Fixed Object,No Pedestrian Involved,23152,A,Clear,No Unusual Condition,Dark - Street Lights,No Controls Present / Factor,Driver,21,Male,Proceeding Straight,Cell Phone Not In Use,None Apparent,HBD Under Influence,,,,,,,,
201700026480,7/18/2017,15:49,Tuesday,SANTA RITA RD,WELLS ST,6164408.356,2069588.135,37.67067093,-121.8726842,Property Damage Only,0,0,,Other Than Driver,No,Hit Object,Fixed Object,No Pedestrian Involved,,,Clear,No Unusual Condition,Daylight,No Controls Present / Factor,Driver,53,Male,Proceeding Straight,Cell Phone Not In Use,None Apparent,HNBD,,,,,,,,
201700026514,7/18/2017,20:24,Tuesday,STONERIDGE DR,JOHNSON DR,6152413.111,2076863.481,37.69013274,-121.9144349,Complaint of Pain,1,0,1,Unsafe Speed,No,Rear-End,Other Motor Vehicle,No Pedestrian Involved,22350,,Clear,No Unusual Condition,Dusk - Dawn,Functioning,Driver,26,Male,Proceeding Straight,Cell Phone Not In Use,None Apparent,HNBD,Driver,63,Female,Stopped In Road,Cell Phone Not In Use,None Apparent,HNBD,Lap/Shoulder Harness Used
201800028508,7/18/2018,15:03,Wednesday,SUNOL BL,ON RAMP NB I680 FROM EB SUNOL BL,6160927,2058505,37.6400456,-121.8840166,Property Damage Only,0,0,1,Auto R/W Violation,No,Broadside,Other Motor Vehicle,No Pedestrian Involved,21801,A,Clear,No Unusual Condition,Daylight,No Controls Present / Factor,Driver,50,Male,Making Left Turn,Cell Phone Not In Use,None Apparent,HNBD,Driver,77,Male,Proceeding Straight,Cell Phone Not In Use,None Apparent,HNBD,Lap/Shoulder Harness Used
2010000034189,7/19/2010,18:24,Monday,SUNOL BL,OFF RAMP SB I680 TO SUNOL BL,6160471,2058214,37.63924645,-121.8855914,Property Damage Only,0,0,,Auto R/W Violation,No,Broadside,Other Motor Vehicle,No Pedestrian Involved,21802,,Clear,No Unusual Condition,Daylight,Functioning,Driver,56,Not Stated,Making Left Turn,Not Stated,Not Stated,HNBD,Driver,62,Not Stated,Proceeding Straight,Not Stated,Not Stated,HNBD,Lap/Shoulder Harness Used
201000034210,7/19/2010,22:02,Monday,FOOTHILL RD,OAK CREEK DR,6150496,2070877,37.67370279,-121.9206617,Complaint of Pain,1,0,,Auto R/W Violation,No,Broadside,Other Motor Vehicle,No Pedestrian Involved,21802,,Clear,No Unusual Condition,Dark - Street Lights,Functioning,Driver,22,Not Stated,Making Left Turn,Not Stated,Not Stated,HNBD,Driver,61,Not Stated,Proceeding Straight,Not Stated,Not Stated,HNBD,Lap/Shoulder Harness Used
201100033205,7/19/2011,12:19,Tuesday,FOOTHILL RD,DUBLIN CANYON RD,6146820.38,2078697.924,37.69502403,-121.9338178,Complaint of Pain,1,0,1,Unsafe Starting or Backing,No,Rear-End,Other Motor Vehicle,No Pedestrian Involved,22106,,Clear,No Unusual Condition,Daylight,Functioning,Driver,26,Male,Proceeding Straight,Cell Phone Not In Use,None Apparent,HNBD,Driver,50,Female,Stopped in Road,Cell Phone Not In Use,None Apparent,HNBD,Lap/Shoulder Harness Used
201100033290,7/19/2011,22:16,Tuesday,SANTA RITA RD,STONERIDGE DR,6163003,2075864,37.687929,-121.877735,Severe Injury,2,0,1,Driving Under Influence,No,Head-On,Other Motor Vehicle,No Pedestrian Involved,23152,,Clear,No Unusual Condition,Dark - Street Lights,Functioning,Driver,25,Female,Making Left Turn,Cell Phone Not In Use,Violation,HBD Under Influence,Driver,45,Female,Proceeding Straight,Cell Phone Not In Use,None Apparent,HNBD,Lap/Shoulder Harness Used
201300025315,7/19/2013,21:20,Friday,DENKER DR,BENNER CT,6154183.773,2076368.325,37.68890728,-121.9082175,Property Damage Only,0,0,1,Other Hazardous Movement,Misdemeanor,Sideswipe,Parked Motor Vehicle,No Pedestrian Involved,22517,,Clear,No Unusual Condition,Dark - Street Lights,No Controls Present / Factor,Driver,28,Female,Parked,,None Apparent,HNBD,Driver,,,Proceeding Straight,,None Apparent,Not Applicable,
201400028240,7/19/2014,03:45,Saturday,BROCKTON DR,PIMLICO DR (N),6165803,2080592,37.70099638,-121.8683334,Other Visible Injury,2,0,1,Driving Under Influence,Misdemeanor,Rear-End,Other Object,No Pedestrian Involved,23152,A,Clear,No Unusual Condition,Dark - Street Lights,No Controls Present / Factor,Driver,20,Male,Making Left Turn,Cell Phone Not In Use,Violation,HBD Under Influence,Parked Vehicle,,,Parked,,None Apparent,Not Applicable,
201400028322,7/19/2014,16:18,Saturday,VALLEY AV,KOLLN ST,6165600.936,2071590.762,37.67617053,-121.8685636,Complaint of Pain,2,0,1,Unsafe Speed,No,Rear-End,Other Motor Vehicle,No Pedestrian Involved,22350,,Clear,No Unusual Condition,Daylight,Functioning,Driver,81,Female,Proceeding Straight,Cell Phone Not In Use,None Apparent,HNBD,Driver,49,Male,Stopped In Road,Cell Phone Not In Use,None Apparent,HNBD,Unknown
201600025957,7/19/2016,11:38,Tuesday,PIEMONTE DR,RUBY HILL DR (W),6180099.786,2060882.027,37.64737578,-121.817952,Complaint of Pain,1,0,1,Improper Turning,No,Hit Object,Fixed Object,No Pedestrian Involved,22107,,Clear,No Unusual Condition,Daylight,No Controls Present / Factor,Driver,26,Female,Proceeding Straight,Cell Phone Not In Use,Other,HNBD,,,,,,,,
201700026590,7/19/2017,09:15,Wednesday,VINEYARD AV,LEONA PL,6173656.018,2067331.251,37.66479072,-121.8405694,Property Damage Only,0,0,1,Improper Turning,No,Hit Object,Fixed Object,No Pedestrian Involved,22107,,Clear,No Unusual Condition,Daylight,No Controls Present / Factor,Driver,19,Female,Ran Off Road,Cell Phone Not In Use,None Apparent,Sleepy - Fatigued,,,,,,,,
201800028667,7/19/2018,16:16,Thursday,FOOTHILL RD,STONERIDGE DR,6147797,2076393,37.68869429,-121.9304428,Complaint of Pain,2,0,1,Unsafe Starting or Backing,No,Rear-End,Other Motor Vehicle,No Pedestrian Involved,22106,,Clear,No Unusual Condition,Daylight,Functioning,Driver,51,Female,Proceeding Straight,Cell Phone Not In Use,None Apparent,HNBD,Driver,61,Female,Stopped In Road,Cell Phone Not In Use,None Apparent,HNBD,Lap/Shoulder Harness Used
1030957,7/2/2010,12:20,Friday,SANTA RITA RD,LOCKHART LN,6163814.573,2072735.971,37.67931549,-121.8747357,Complaint of Pain,2,0,,Unsafe Speed,No,Rear-End,Other Motor Vehicle,No Pedestrian Involved,22350,,Clear,No Unusual Condition,Daylight,None,Driver,43,Not Stated,Proceeding Straight,Not Stated,Not Stated,HNBD,Driver,53,Not Stated,Stopped in Road,Not Stated,Not Stated,HNBD,Lap/Shoulder Harness Used
201030976,7/2/2010,13:46,Friday,DIVISION ST,ANDERSON ST,6162743.082,2066657.459,37.66259062,-121.8782066,Property Damage Only,0,0,,Unsafe Speed,No,Rear-End,Parked Motor Vehicle,No Pedestrian Involved,22350,,Clear,No Unusual Condition,Daylight,None,Driver,56,Not Stated,Parking Maneuver,Not Stated,Not Stated,Impairment Not Known,Parked Vehicle,,Not Stated,Parked,Not Stated,Not Stated,Not Applicable,Not Stated
201030996,7/2/2010,15:26,Friday,BERNAL AV,PLEASANTON AV,6159856.57,2065196.44,37.65836372,-121.8880971,Property Damage Only,0,0,,Improper Turning,No,Hit Object,Fixed Object,No Pedestrian Involved,22107,,Clear,No Unusual Condition,Daylight,None,Driver,48,Not Stated,Ran Off Road,Not Stated,Not Stated,,,,,,,,,
201030997,7/2/2010,15:29,Friday,VALLEY AV,SANTA RITA RD,6163663.07,2071776.281,37.67668,-121.8752592,Severe Injury,3,0,,Auto R/W Violation,No,Broadside,Other Motor Vehicle,No Pedestrian Involved,21804,,Clear,No Unusual Condition,Daylight,None,Driver,19,Not Stated,Entering Traffic,Not Stated,Not Stated,HNBD,Driver,47,Not Stated,Proceeding Straight,Not Stated,Not Stated,HNBD,Lap/Shoulder Harness Used
201400026030,7/2/2014,11:18,Wednesday,LAS POSITAS BL,STONERIDGE DR,6160907,2076197,37.68884348,-121.8849782,Property Damage Only,0,0,1,Unsafe Speed,No,Rear-End,Other Motor Vehicle,No Pedestrian Involved,22350,,Clear,No Unusual Condition,Daylight,Functioning,Driver,,Female,Proceeding Straight,Cell Phone Not In Use,None Apparent,HNBD,Driver,,Male,Stopped In Road,Cell Phone Not In Use,None Apparent,HNBD,Lap/Shoulder Harness Used
201400026036,7/2/2014,11:53,Wednesday,VINEYARD AV,YOLANDA CT,6174246.636,2067348.421,37.66483787,-121.8385291,Other Visible Injury,2,0,1,Unsafe Speed,No,Rear-End,Other Motor Vehicle,No Pedestrian Involved,22350,,Clear,No Unusual Condition,Daylight,Functioning,Driver,,Female,Proceeding Straight,Cell Phone Not In Use,None Apparent,HNBD,Driver,56,Female,Stopped In Road,Cell Phone Not In Use,None Apparent,HNBD,Lap/Shoulder Harness Used
201400026058,7/2/2014,15:40,Wednesday,RUBY HILL DR,CENTO CT,6183865.726,2060314.416,37.64597575,-121.8048806,Complaint of Pain,3,0,1,Improper Turning,No,Head-On,Fixed Object,No Pedestrian Involved,22107,,Clear,No Unusual Condition,Daylight,No Controls Present / Factor,Driver,39,Female,Ran Off Road,Cell Phone Not In Use,None Apparent,HNBD,,,,,,,,
201600023744,7/2/2016,00:45,Saturday,FOOTHILL RD,RACOON HOLLOW CT,6152414.712,2066779.606,37.66256295,-121.9139895,Property Damage Only,0,0,1,Improper Turning,No,Sideswipe,Fixed Object,No Pedestrian Involved,22107,,Clear,No Unusual Condition,Dark - Street Lights,No Controls Present / Factor,Driver,19,Male,Proceeding Straight,Cell Phone Not In Use,Violation,HNBD,,,,,,,,
201600023752,7/2/2016,05:22,Saturday,OWENS DR,OWENS CT,6155720.754,2080131.417,37.69927799,-121.903145,Property Damage Only,0,0,1,Driving Under Influence,No,Hit Object,Fixed Object,No Pedestrian Involved,23152,A,Clear,No Unusual Condition,Dusk - Dawn,Functioning,Driver,19,Male,Making U Turn,Cell Phone Not In Use,None Apparent,HBD Under Influence,,,,,,,,
201600023755,7/2/2016,07:15,Saturday,FOOTHILL RD,ON RAMP EB I580 FROM NB FOOTHILL RD,6146582,2079441,37.69706465,-121.9346417,Complaint of Pain,1,0,1,Driving Under Influence,No,Broadside,Other Motor Vehicle,No Pedestrian Involved,23152,A,Clear,No Unusual Condition,Daylight,Functioning,Driver,20,Female,Making Left Turn,Cell Phone Not In Use,Violation,HBD Under Influence,Driver,57,Female,Proceeding Straight,Cell Phone Not In Use,None Apparent,HNBD,Lap/Shoulder Harness Used
201700024087,7/2/2017,20:29,Sunday,SANTA RITA RD,LAS POSITAS BL,6162826.162,2076798.044,37.69049406,-121.8783461,Other Visible Injury,1,0,1,Unsafe Speed,No,Hit Object,Fixed Object,No Pedestrian Involved,22350,,Clear,No Unusual Condition,Dusk - Dawn,No Controls Present / Factor,Bicyclist,33,Male,Proceeding Straight,Cell Phone Not In Use,None Apparent,HBD Impairment Unknown,,,,,,,,
201000034352,7/20/2010,14:12,Tuesday,WILLOW RD,GIBRALTAR DR (N),6157128,2078870,37.69581391,-121.8982815,Complaint of Pain,2,0,,Traffic Signals and Signs,No,Broadside,Other Motor Vehicle,No Pedestrian Involved,21453,A,Clear,No Unusual Condition,Daylight,Functioning,Driver,40,Not Stated,Proceeding Straight,Not Stated,Not Stated,HNBD,Driver,32,Not Stated,Proceeding Straight,Not Stated,Not Stated,HNBD,Lap/Shoulder Harness Used
201200026930,7/20/2012,08:43,Friday,GIBRALTAR DR,HACIENDA DR (S),6158132,2075645,37.68707734,-121.894579,Complaint of Pain,1,0,1,Ped R/W Violation,No,Vehicle - Pedestrian,Pedestrian,Crossing In Crosswalk at Intersection,21950,A,Clear,No Unusual Condition,Daylight,Functioning,Driver,40,Female,Making Left Turn,Cell Phone Not In Use,None Apparent,HNBD,Pedestrian,39,Male,Not Stated,Cell Phone Not In Use,None Apparent,HNBD,Unknown
201300025408,7/20/2013,16:40,Saturday,VALLEY AV,QUARRY LN,6166490.898,2071540.527,37.67618082,-121.8654441,Complaint of Pain,1,0,1,Unsafe Speed,No,Rear-End,Other Motor Vehicle,No Pedestrian Involved,22350,,Clear,No Unusual Condition,Daylight,Functioning,Driver,43,Male,Proceeding Straight,Cell Phone Not In Use,None Apparent,HNBD,Driver,27,Male,Stopped In Road,Cell Phone Not In Use,None Apparent,HNBD,Lap/Shoulder Harness Used
201500026285,7/20/2015,07:35,Monday,PETERS AV,ANGELA ST,6162899,2065679,37.65990357,-121.8776679,Property Damage Only,0,0,1,Auto R/W Violation,No,Broadside,Other Motor Vehicle,No Pedestrian Involved,21802,A,Clear,No Unusual Condition,Daylight,Functioning,Driver,34,Female,Proceeding Straight,School Bus Related,None Apparent,HNBD,Driver,32,Male,Proceeding Straight,Cell Phone Not In Use,None Apparent,HNBD,Lap/Shoulder Harness Used