Report Number,Date,Time,Collision Day of Week,Primary Road,Secondary Road,X,Y,Latitude,Longitude,Highest Degree of Injury,Number Injured,Number Killed,Party at Fault,Primary Collision Factor,Hit and Run,Collision Type,Involved With,Pedestrian Action,Violation,Violation Subsection,Weather,Road Condition1,Lighting,Right of Way Controls,Party Type 1,Party Age 1,Party Sex 1,Movement Preceding Collision 1,special information 1,Associated Cause - Factor 1 1,Party Sobriety 1 1,Party Type 2,Party Age 2,Party Sex 2,Movement Preceding Collision 2,special information 2,Associated Cause - Factor 1 2,Party Sobriety 1 2,Safety Equipment 2
201800029390,7/25/2018,16:04,Wednesday,STONERIDGE DR,PLEASANT HILL RD,6148042.237,2076497.438,37.68898109,-121.9295953,Other Visible Injury,1,0,1,Improper Turning,No,Hit Object,Fixed Object,No Pedestrian Involved,22107,,Clear,No Unusual Condition,Daylight,No Controls Present / Factor,Driver,84,Male,Ran Off Road,Cell Phone Not In Use,None Apparent,HNBD,,,,,,,,
201800029405,7/25/2018,19:35,Wednesday,FIRST ST,NEAL ST,6164019,2065567,37.659596,-121.873799,Property Damage Only,0,0,1,Improper Turning,No,Sideswipe,Other Motor Vehicle,No Pedestrian Involved,22107,,Clear,No Unusual Condition,Daylight,Functioning,Driver,28,Male,Making Right Turn,Cell Phone Not In Use,None Apparent,HNBD,Driver,29,Female,Making Right Turn,Cell Phone Not In Use,None Apparent,HNBD,Unknown
201200027680,7/26/2012,09:12,Thursday,FIRST ST,ANGELA ST,6163769.106,2065290.265,37.65883603,-121.8746622,Property Damage Only,0,0,1,Unsafe Speed,No,Rear-End,Other Motor Vehicle,No Pedestrian Involved,22350,,Clear,No Unusual Condition,Daylight,None,Driver,19,Male,Proceeding Straight,Cell Phone Not In Use,None Apparent,HNBD,Driver,31,Female,Stopped in Road,Cell Phone Not In Use,None Apparent,HNBD,Lap/Shoulder Harness Used
201200027753,7/26/2012,19:37,Thursday,SANTA RITA RD,JENSEN ST (W),6164179,2068406,37.66737199,-121.8734495,Other Visible Injury,1,0,1,Auto R/W Violation,No,Broadside,Other Motor Vehicle,No Pedestrian Involved,21804,A,Clear,No Unusual Condition,Daylight,None,Driver,18,Female,Making Left Turn,Cell Phone Not In Use,Vision Obscurements,HNBD,Driver,28,Male,Proceeding Straight,Cell Phone Not In Use,None Apparent,HNBD,M/C Helmet Driver - Yes
201400029348,7/26/2014,21:11,Saturday,HOPYARD RD,OWENS DR,6155369,2079905,37.69865621,-121.9043607,Property Damage Only,0,0,1,Traffic Signals and Signs,No,Sideswipe,Other Motor Vehicle,No Pedestrian Involved,21453,A,Clear,No Unusual Condition,Dark - Street Lights,Functioning,Driver,26,Female,Making Left Turn,Cell Phone Not In Use,None Apparent,HNBD,Driver,42,Male,Proceeding Straight,Cell Phone Not In Use,None Apparent,HNBD,Lap/Shoulder Harness Used
201500027134,7/26/2015,20:24,Sunday,BERNAL AV,OLD BERNAL AV,6161770,2064642,37.65703217,-121.8813905,Complaint of Pain,1,0,1,Traffic Signals and Signs,No,Broadside,Other Motor Vehicle,No Pedestrian Involved,21453,A,Clear,No Unusual Condition,Daylight,Functioning,Driver,42,Female,Proceeding Straight,Cell Phone Not In Use,Violation,HNBD,Driver,33,Male,Proceeding Straight,Cell Phone Not In Use,None Apparent,HNBD,Lap/Shoulder Harness Used
201600026905,7/26/2016,02:30,Tuesday,SANTA RITA RD,OFF RAMP EB I580 TO PIMLICO DR,6164709,2080314,37.70023294,-121.8721145,Severe Injury,1,0,1,Driving Under Influence,No,Other,Other Object,No Pedestrian Involved,23152,A,Clear,No Unusual Condition,Dark - Street Lights,Functioning,Driver,46,Male,Making Left Turn,Cell Phone Not In Use,Violation,HBD Under Influence,,,,,,,,
201700027759,7/26/2017,19:17,Wednesday,FIRST ST,ABBIE ST,6163462,2064951,37.65790434,-121.875723,Other Visible Injury,1,0,1,Improper Turning,No,Broadside,Bicycle,No Pedestrian Involved,22107,,Clear,No Unusual Condition,Daylight,Functioning,Driver,54,Male,Making Left Turn,Cell Phone Not In Use,Vision Obscurements,HNBD,Bicyclist,14,Male,Proceeding Straight,Cell Phone Not In Use,None Apparent,HNBD,M/C Helmet Driver - No
201800029489,7/26/2018,10:12,Thursday,STONERIDGE DR,JOHNSON DR,6152909.745,2076831.793,37.69004572,-121.9127186,Complaint of Pain,1,0,1,Unsafe Speed,No,Rear-End,Other Motor Vehicle,No Pedestrian Involved,22350,,Clear,,Daylight,No Controls Present / Factor,Driver,19,Female,Proceeding Straight,Cell Phone Not In Use,None Apparent,HNBD,Driver,52,Male,Stopped In Road,Cell Phone Not In Use,None Apparent,HNBD,Lap/Shoulder Harness Used
201000035647,7/27/2010,13:00,Tuesday,OWENS DR,WILLOW RD,6156680.047,2080347.294,37.69987083,-121.8998295,Complaint of Pain,1,0,,Auto R/W Violation,No,Broadside,Bicycle,No Pedestrian Involved,21804,A,Clear,No Unusual Condition,Daylight,Functioning,Bicyclist,38,Male,Proceeding Straight,Not Stated,Not Stated,HNBD,Driver,,Not Stated,Making Right Turn,Not Stated,Not Stated,Impairment Not Known,Not Stated
201134353,7/27/2011,08:09,Wednesday,JOLENE CT,CLARA LN,6173490.234,2066686.048,37.66301887,-121.8411423,Property Damage Only,0,0,1,Unsafe Starting or Backing,No,Hit Object,Fixed Object,No Pedestrian Involved,22106,,Clear,No Unusual Condition,Daylight,None,Driver,53,Male,Backing,Cell Phone Not In Use,None Apparent,HNBD,,,,,,,,
201200027808,7/27/2012,07:53,Friday,STONERIDGE DR,JOHNSON DR,6152337,2076875,37.69016438,-121.9146979,Complaint of Pain,1,0,1,Unsafe Starting or Backing,No,Vehicle - Pedestrian,Bicycle,Crossing In Crosswalk at Intersection,22106,,Clear,No Unusual Condition,Daylight,Functioning,Driver,53,Male,Making Right Turn,Cell Phone Not In Use,None Apparent,HNBD,Bicyclist,48,Male,Proceeding Straight,Cell Phone Not In Use,None Apparent,HNBD,Unknown
201200027827,7/27/2012,12:32,Friday,STONERIDGE DR,SANTA RITA RD,6162954.593,2075851.479,37.68789461,-121.8779023,Property Damage Only,0,0,1,Driving Under Influence,No,Rear-End,Other Motor Vehicle,No Pedestrian Involved,23152,A,Clear,No Unusual Condition,Daylight,Functioning,Driver,53,Male,Proceeding Straight,Cell Phone Not In Use,Violation,Under Drug Influence,Driver,48,Female,Stopped in Road,Cell Phone Not In Use,None Apparent,HNBD,Lap/Shoulder Harness Used
201200027954,7/27/2012,21:15,Friday,STONERIDGE MALL RD,MCWILLIAMS LN,6149760.815,2077782.339,37.69250966,-121.923656,Property Damage Only,0,0,1,Unsafe Speed,No,Rear-End,Other Motor Vehicle,No Pedestrian Involved,22350,,Clear,No Unusual Condition,Dark - Street Lights,Functioning,Driver,,Male,Proceeding Straight,Not Stated,None Apparent,Impairment Not Known,Driver,19,Female,Stopped in Road,Cell Phone Not In Use,None Apparent,HNBD,Lap/Shoulder Harness Used
201300026326,7/27/2013,16:30,Saturday,BERNAL AV,VALLEY AV (W),6157194.271,2065196.312,37.65836337,-121.8972934,Complaint of Pain,1,0,1,Unsafe Speed,No,Rear-End,Other Motor Vehicle,No Pedestrian Involved,22350,,Clear,No Unusual Condition,Daylight,Functioning,Driver,17,Female,Proceeding Straight,Cell Phone Not In Use,None Apparent,HNBD,Driver,40,Female,Stopped In Road,Cell Phone Not In Use,None Apparent,HNBD,Lap/Shoulder Harness Used
201600027209,7/27/2016,19:30,Wednesday,BERNAL AV,CASE AV,6161505.957,2064748.612,37.65732495,-121.8823025,Property Damage Only,0,0,1,Driving Under Influence,No,Hit Object,Fixed Object,No Pedestrian Involved,23152,A,Clear,No Unusual Condition,Daylight,Functioning,Driver,22,Male,Ran Off Road,Cell Phone Not In Use,Violation,HBD Under Influence,,,,,,,,
201700027907,7/27/2017,16:17,Thursday,BERNAL AV,KOTTINGER DR,6168234.385,2064254.24,37.65610882,-121.8590476,Complaint of Pain,2,0,1,Unsafe Speed,No,Rear-End,Other Motor Vehicle,No Pedestrian Involved,22350,,Clear,No Unusual Condition,Daylight,No Controls Present / Factor,Driver,27,Male,Slowing/Stopping,Cell Phone Not In Use,None Apparent,HNBD,Driver,69,Female,Stopped In Road,Cell Phone Not In Use,None Apparent,HNBD,Lap/Shoulder Harness Used
201700027940,7/27/2017,21:43,Thursday,KOTTINGER DR,SECOND ST,6165025.566,2066333.811,37.66170182,-121.8703219,Other Visible Injury,1,0,1,Unsafe Speed,No,Vehicle - Pedestrian,Pedestrian,Crossing Not In Crosswalk,22350,,Clear,No Unusual Condition,Dark - Street Lights,No Controls Present / Factor,Driver,85,Male,Proceeding Straight,Cell Phone Not In Use,None Apparent,HNBD,Pedestrian,73,Female,Proceeding Straight,Cell Phone Not In Use,None Apparent,HNBD,
201800029656,7/27/2018,17:47,Friday,BERNAL AV,VALLEY AV (W),6157276,2065234,37.65846687,-121.8970111,Complaint of Pain,1,0,1,Auto R/W Violation,No,Broadside,Other Motor Vehicle,No Pedestrian Involved,21453,C,Clear,No Unusual Condition,Daylight,Functioning,Driver,62,Female,Making Left Turn,Cell Phone Not In Use,None Apparent,HNBD,Driver,26,Male,Proceeding Straight,Cell Phone Not In Use,None Apparent,HNBD,M/C Helmet Driver - Yes
201000035814,7/28/2010,12:35,Wednesday,OWENS DR,HOPYARD RD,6155511.947,2079997.012,37.69890889,-121.9038667,Complaint of Pain,1,0,,Auto R/W Violation,No,Broadside,Other Motor Vehicle,No Pedestrian Involved,21804,,Clear,No Unusual Condition,Daylight,None,Driver,26,Not Stated,Making Right Turn,Not Stated,Not Stated,HNBD,Driver,26,Not Stated,Proceeding Straight,Not Stated,Not Stated,HNBD,Lap/Shoulder Harness Used
201000035851,7/28/2010,16:30,Wednesday,FIRST ST,ABBIE ST,6163512.337,2065006.599,37.65805703,-121.8755492,Complaint of Pain,1,0,,Unknown,No,Rear-End,Other Object,No Pedestrian Involved,,,Clear,No Unusual Condition,Daylight,Functioning,Driver,19,Not Stated,Proceeding Straight,Not Stated,Not Stated,HNBD,Driver,28,Not Stated,Proceeding Straight,Not Stated,Not Stated,HNBD,Lap/Shoulder Harness Used
201100034509,7/28/2011,08:03,Thursday,FIRST ST,BERNAL AV,6162921.639,2064361.813,37.65628632,-121.8775895,Property Damage Only,0,0,1,Improper Turning,No,Sideswipe,Other Motor Vehicle,No Pedestrian Involved,22107,,Clear,No Unusual Condition,Daylight,Functioning,Driver,28,Male,Making Left Turn,Cell Phone Not In Use,None Apparent,HNBD,Driver,28,Female,Making Left Turn,Cell Phone Not In Use,None Apparent,HNBD,Lap/Shoulder Harness Used
201100034560,7/28/2011,13:40,Thursday,LAS POSITAS BL,BELLEZA LN,6160279.136,2075765.474,37.68740819,-121.8871593,Complaint of Pain,1,0,,Other Than Driver,No,Hit Object,Fixed Object,No Pedestrian Involved,,,Clear,No Unusual Condition,Daylight,None,Driver,19,Female,Proceeding Straight,Cell Phone Not In Use,None Apparent,Other Physical Impairment,,,,,,,,
201100034601,7/28/2011,17:50,Thursday,OWENS DR,ROSEWOOD DR,6160426,2078870,37.69596198,-121.8867919,Complaint of Pain,1,0,,Unknown,No,Broadside,Bicycle,No Pedestrian Involved,,,Clear,No Unusual Condition,Daylight,Functioning,Driver,34,Male,Proceeding Straight,Cell Phone Not In Use,Violation,HNBD,Bicyclist,42,Male,Proceeding Straight,Cell Phone Not In Use,None Apparent,HNBD,Not Required
201100034616,7/28/2011,19:16,Thursday,VINEYARD AV,RUBY HILL BL,6181956,2063420,37.654444,-121.811709,Complaint of Pain,1,0,2,Auto R/W Violation,No,Broadside,Bicycle,No Pedestrian Involved,21801,A,Clear,No Unusual Condition,Dusk - Dawn,Functioning,Bicyclist,20,Male,Proceeding Straight,Cell Phone Not In Use,None Apparent,HNBD,Driver,49,Male,Making Left Turn,Cell Phone Not In Use,Vision Obscurements,HNBD,Lap/Shoulder Harness Used
201100034617,7/28/2011,19:27,Thursday,VINEYARD AV,RUBY HILL BL,6181891.681,2063452.358,37.65453286,-121.8119312,Other Visible Injury,1,0,,Unknown,No,Rear-End,Bicycle,No Pedestrian Involved,,,Clear,No Unusual Condition,Daylight,Functioning,Driver,65,Female,Proceeding Straight,Cell Phone Not In Use,Inattention,HNBD,Bicyclist,61,Male,Proceeding Straight,Cell Phone Not In Use,Inattention,HNBD,Not Required
201600027260,7/28/2016,09:13,Thursday,FOOTHILL RD,CANYON WY,6146884.098,2078540.377,37.69459137,-121.9335976,Property Damage Only,0,0,1,Unsafe Speed,No,Rear-End,Other Motor Vehicle,No Pedestrian Involved,22350,,Clear,No Unusual Condition,Daylight,Functioning,Driver,26,Female,Proceeding Straight,Cell Phone Not In Use,Inattention,HNBD,Driver,87,Female,Stopped In Road,Cell Phone Not In Use,None Apparent,HNBD,Lap/Shoulder Harness Used
201700028021,7/28/2017,13:15,Friday,VALLEY AV,STANLEY BL,6168638.193,2069438.385,37.67040793,-121.8580251,Property Damage Only,0,0,1,Unsafe Speed,Misdemeanor,Rear-End,Other Motor Vehicle,No Pedestrian Involved,22350,,Clear,No Unusual Condition,Daylight,Functioning,Driver,,,Proceeding Straight,Cell Phone Not In Use,None Apparent,Impairment Not Known,Driver,23,Male,Stopped In Road,Cell Phone Not In Use,None Apparent,HNBD,Lap/Shoulder Harness Used
201800029700,7/28/2018,00:25,Saturday,RAY ST,WALNUT DR,6164421.288,2066989.836,37.66350339,-121.8724093,Other Visible Injury,1,0,1,Driving Under Influence,No,Overturned,Parked Motor Vehicle,No Pedestrian Involved,23152,A,Clear,No Unusual Condition,Dark - Street Lights,No Controls Present / Factor,Driver,48,Male,Other Unsafe Turning,Cell Phone Not In Use,Violation,HBD Under Influence,Parked Vehicle,,,Parked,,None Apparent,Not Applicable,
201800029773,7/28/2018,16:34,Saturday,STONERIDGE DR,JOHNSON DR,6152337,2076875,37.69016438,-121.9146979,Severe Injury,1,0,1,Traffic Signals and Signs,No,Overturned,Other Motor Vehicle,No Pedestrian Involved,21453,A,Clear,No Unusual Condition,Daylight,Functioning,Driver,35,Male,Proceeding Straight,Cell Phone Not In Use,None Apparent,HNBD,Driver,61,Female,Making Left Turn,Cell Phone Not In Use,,HNBD,Lap/Shoulder Harness Used
201000036066,7/29/2010,21:30,Thursday,ST MARYS ST,PETERS AV,6163444.364,2066719.839,37.66276192,-121.8757841,Property Damage Only,0,0,,Unsafe Starting or Backing,No,Rear-End,Parked Motor Vehicle,No Pedestrian Involved,22106,,Clear,No Unusual Condition,Dark - Street Lights,None,Driver,,Not Stated,Backing,Not Stated,Not Stated,Impairment Not Known,Parked Vehicle,,Not Stated,Parked,Not Stated,Not Stated,Not Applicable,Not Stated
201000036021,7/29/2010,22:20,Thursday,RUBY HILL DR,RUBY HILL BL,6181918.005,2062707.482,37.65248728,-121.8118402,Property Damage Only,0,0,,Driving Under Influence,No,Hit Object,Fixed Object,No Pedestrian Involved,23152,,Clear,No Unusual Condition,Dark - No Street Lights,None,Driver,16,Female,Ran Off Road,Cell Phone Not In Use,Violation,HBD Under Influence,,,,,,,,
201000036024,7/29/2010,22:29,Thursday,DUBLIN CANYON RD,FOOTHILL RD,6144318.771,2079712.407,37.69752475,-121.9424892,Complaint of Pain,1,0,,Driving Under Influence,No,Hit Object,Fixed Object,No Pedestrian Involved,23152,,Clear,No Unusual Condition,Dark - Street Lights,None,Driver,25,Not Stated,Ran Off Road,Not Stated,Not Stated,HBD Under Influence,,,,,,,,
201100034687,7/29/2011,09:02,Friday,BERNAL AV,OFF RAMP NB I680 TO EB BERNAL AVE,6156087.019,2064675.145,37.65693214,-121.9011181,Complaint of Pain,1,0,1,Improper Turning,No,Sideswipe,Bicycle,No Pedestrian Involved,22107,,Clear,No Unusual Condition,Daylight,Functioning,Driver,52,Male,Changing Lanes,Cell Phone Not In Use,None Apparent,HNBD,Bicyclist,50,Female,Proceeding Straight,Cell Phone Not In Use,Violation,HNBD,M/C Helmet Driver - Yes
201200028111,7/29/2012,19:05,Sunday,ORLOFF DR,SCHWEEN CT,6165893.284,2071940.753,37.67713167,-121.8675534,Complaint of Pain,1,0,1,Unsafe Speed,No,Rear-End,Parked Motor Vehicle,No Pedestrian Involved,22350,,Clear,No Unusual Condition,Daylight,None,Driver,21,Male,Proceeding Straight,Cell Phone Not In Use,Vision Obscurements,HNBD,Parked Vehicle,,Not Stated,Parked,Not Stated,None Apparent,Not Applicable,Not Stated
201300026517,7/29/2013,14:09,Monday,LAS POSITAS BL,WILLOW RD,6157046,2074450,37.68379565,-121.8983317,Complaint of Pain,2,0,,Traffic Signals and Signs,No,Broadside,Other Motor Vehicle,No Pedestrian Involved,21453,A,Clear,No Unusual Condition,Daylight,Functioning,Driver,72,Female,Making Left Turn,Cell Phone Not In Use,None Apparent,HNBD,Driver,61,Female,Proceeding Straight,Cell Phone Not In Use,None Apparent,HNBD,Lap/Shoulder Harness Used
201400029652,7/29/2014,11:32,Tuesday,STONERIDGE DR,GIBRALTAR DR,6159084.938,2077514.209,37.69223873,-121.8914266,Property Damage Only,0,0,1,Unsafe Speed,Misdemeanor,Rear-End,Other Motor Vehicle,No Pedestrian Involved,22350,,Clear,No Unusual Condition,Daylight,Functioning,Driver,,,Proceeding Straight,Cell Phone Not In Use,None Apparent,Impairment Not Known,Driver,52,Female,Stopped In Road,Cell Phone Not In Use,None Apparent,HNBD,Lap/Shoulder Harness Used
201400029688,7/29/2014,15:01,Tuesday,VALLEY AV,BUSCH RD,6167320.587,2071204.667,37.67525848,-121.8625774,Complaint of Pain,1,0,1,Unsafe Speed,No,Rear-End,Other Motor Vehicle,No Pedestrian Involved,22350,,Clear,No Unusual Condition,Daylight,No Controls Present / Factor,Driver,65,Female,Proceeding Straight,Cell Phone Not In Use,None Apparent,HNBD,Driver,27,Female,Slowing/Stopping,Cell Phone Not In Use,None Apparent,HNBD,Lap/Shoulder Harness Used
201600027377,7/29/2016,09:14,Friday,FIRST ST,BERNAL AV,6162972.014,2064408.538,37.65641463,-121.8774155,Property Damage Only,0,0,1,Improper Turning,No,Sideswipe,Other Motor Vehicle,No Pedestrian Involved,22107,,Clear,No Unusual Condition,Daylight,Functioning,Driver,26,Male,Changing Lanes,Cell Phone Not In Use,Violation,HNBD,Driver,51,Male,Proceeding Straight,Cell Phone Not In Use,None Apparent,HNBD,Lap/Shoulder Harness Used
201600027408,7/29/2016,14:27,Friday,HOPYARD RD,OWENS DR,6155515.747,2079668.077,37.69800558,-121.9038535,Property Damage Only,0,0,1,Other Equipment,No,Hit Object,Fixed Object,No Pedestrian Involved,29003,A,Clear,No Unusual Condition,Daylight,Functioning,Driver,75,Male,Proceeding Straight,Cell Phone Not In Use,None Apparent,HNBD,,,,,,,,
201700028185,7/29/2017,14:40,Saturday,STONERIDGE DR,JOHNSON DR,6152337,2076875,37.69016438,-121.9146979,Other Visible Injury,1,0,1,Traffic Signals and Signs,No,Broadside,Other Motor Vehicle,No Pedestrian Involved,21453,A,Clear,No Unusual Condition,Daylight,Functioning,Driver,21,Male,Proceeding Straight,Cell Phone Not In Use,None Apparent,HNBD,Driver,56,Female,Making Left Turn,Cell Phone Not In Use,None Apparent,HNBD,Lap/Shoulder Harness Used
201000031169,7/3/2010,10:12,Saturday,NEAL ST,MAIN ST,6163540.25,2065835.435,37.66033318,-121.8754528,Property Damage Only,1,0,,Ped R/W Violation,No,Vehicle - Pedestrian,Pedestrian,Not in Road,21952,,Clear,No Unusual Condition,Daylight,None,Driver,85,Male,Making Right Turn,Not Stated,Not Stated,HNBD,Pedestrian,46,Female,Proceeding Straight,Not Stated,Not Stated,HNBD,Not Required
201000000031171,7/3/2010,10:20,Saturday,FIRST ST,NEAL ST,6164023.013,2065571.46,37.65960825,-121.8737851,Property Damage Only,1,0,,Ped R/W Violation,No,Vehicle - Pedestrian,Pedestrian,Crossing In Crosswalk at Intersection,21950,,Clear,No Unusual Condition,Daylight,Functioning,Driver,43,Male,Making Left Turn,Not Stated,Not Stated,HNBD,Pedestrian,73,Female,Proceeding Straight,Not Stated,Not Stated,HNBD,Not Required
201100030597,7/3/2011,15:47,Sunday,SANTA RITA RD,ROSEWOOD DR,6163908.263,2079133.641,37.69682625,-121.8748674,Complaint of Pain,1,0,1,Unsafe Speed,No,Rear-End,Other Motor Vehicle,No Pedestrian Involved,22350,,Clear,No Unusual Condition,Daylight,None,Driver,42,Male,Proceeding Straight,Cell Phone Not In Use,None Apparent,HNBD,Driver,,Not Stated,Proceeding Straight,Cell Phone Not In Use,None Apparent,HNBD,Lap/Shoulder Harness Used
201300023355,7/3/2013,17:28,Wednesday,FIRST ST,NEAL ST,6164069.163,2065622.756,37.65974912,-121.8736257,Property Damage Only,0,0,1,Unsafe Speed,No,Rear-End,Other Motor Vehicle,No Pedestrian Involved,22350,,Clear,No Unusual Condition,Daylight,Functioning,Driver,,Male,Proceeding Straight,Cell Phone Not In Use,None Apparent,HNBD,Driver,,Female,Stopped In Road,Cell Phone Not In Use,None Apparent,HNBD,Lap/Shoulder Harness Used
201600023916,7/3/2016,11:22,Sunday,BERNAL AV,TAWNY DR,6168982.81,2066708.312,37.66302295,-121.8565892,Other Visible Injury,2,0,1,Unsafe Speed,No,Rear-End,Other Motor Vehicle,No Pedestrian Involved,22350,,Clear,No Unusual Condition,Daylight,Functioning,Driver,56,Male,Proceeding Straight,Cell Phone Not In Use,None Apparent,HNBD,Driver,43,Female,Stopped In Road,Cell Phone Not In Use,None Apparent,HNBD,Lap/Shoulder Harness Used
210600023954,7/3/2016,16:50,Sunday,ROSEWOOD DR,OWENS DR,6160512.631,2078961.493,37.69621324,-121.8864925,Property Damage Only,0,0,1,Improper Turning,No,Head-On,Fixed Object,No Pedestrian Involved,22107,,Clear,No Unusual Condition,Not Stated,Functioning,Driver,40,Male,Proceeding Straight,Cell Phone Not In Use,None Apparent,HNBD,,,,,,,,
201600023958,7/3/2016,17:41,Sunday,JOHNSON DR,COMMERCE DR,6150656.373,2080104.795,37.69888755,-121.92056,Property Damage Only,0,0,1,Improper Turning,No,Hit Object,Fixed Object,No Pedestrian Involved,22107,,Clear,No Unusual Condition,Daylight,No Controls Present / Factor,Driver,48,Male,Ran Off Road,Cell Phone Not In Use,Inattention,HNBD,,,,,,,,
201700024135,7/3/2017,08:30,Monday,ANDREWS DR,OWENS DR,6161920.93,2078228.346,37.69434015,-121.8817357,Property Damage Only,0,0,1,Improper Turning,No,Hit Object,Fixed Object,No Pedestrian Involved,22107,,Clear,No Unusual Condition,Daylight,No Controls Present / Factor,Driver,17,Male,Ran Off Road,Cell Phone Handheld In Use,None Apparent,HNBD,,,,,,,,
201300026634,7/30/2013,11:42,Tuesday,STONEDALE DR,BROOKSIDE CT,6150010.52,2077038.098,37.69061227,-121.9227377,Property Damage Only,0,0,,Other Than Driver,No,Hit Object,Fixed Object,No Pedestrian Involved,,,Clear,No Unusual Condition,Daylight,No Controls Present / Factor,Driver,49,Female,Ran Off Road,Cell Phone Not In Use,None Apparent,Other Physical Impairment,,,,,,,,
20130002664,7/30/2013,13:36,Tuesday,FIRST ST,ABBIE ST,6163447.253,2064934.674,37.65785951,-121.875774,Complaint of Pain,2,0,1,Unsafe Speed,No,Rear-End,Other Motor Vehicle,No Pedestrian Involved,22350,,Clear,No Unusual Condition,Daylight,Functioning,Driver,65,Male,Proceeding Straight,Cell Phone Not In Use,None Apparent,HNBD,Driver,48,Male,Stopped In Road,Cell Phone Not In Use,None Apparent,HNBD,Lap/Shoulder Harness Used
201400029787,7/30/2014,11:07,Wednesday,TASSAJARA RD,OFF RAMP WB I580 TO TASSAJARA RD,6164732,2081233,37.70259147,-121.87202,Property Damage Only,0,0,1,Traffic Signals and Signs,No,Broadside,Other Motor Vehicle,No Pedestrian Involved,21453,A,Clear,No Unusual Condition,Daylight,Functioning,Driver,66,Female,Proceeding Straight,Cell Phone Not In Use,None Apparent,HNBD,Driver,50,Female,Making Left Turn,Cell Phone Not In Use,None Apparent,HNBD,Lap/Shoulder Harness Used
201100035053,7/31/2011,20:47,Sunday,VALLEY AV,BUSCH RD,6167232.748,2071287.885,37.67548701,-121.8628809,Property Damage Only,0,0,1,Unsafe Speed,No,Rear-End,Other Motor Vehicle,No Pedestrian Involved,22350,,Clear,No Unusual Condition,Dark - Street Lights,Functioning,Driver,32,Female,Proceeding Straight,Cell Phone Not In Use,None Apparent,HNBD,Driver,24,Male,Stopped in Road,Cell Phone Not In Use,None Apparent,HNBD,Lap/Shoulder Harness Used
201200028322,7/31/2012,08:22,Tuesday,BERNAL AV,INDEPENDENCE DR,6165154.823,2062956.05,37.65254373,-121.8696848,Property Damage Only,0,0,1,Unsafe Speed,No,Hit Object,Fixed Object,No Pedestrian Involved,22350,,Clear,No Unusual Condition,Daylight,Functioning,Driver,16,Male,Making Left Turn,Cell Phone Not In Use,None Apparent,HNBD,,,,,,,,
201200028384,7/31/2012,17:16,Tuesday,STONERIDGE DR,JOHNSON DR,6152784.841,2076833.108,37.69004933,-121.9131503,Complaint of Pain,1,0,1,Unsafe Speed,No,Rear-End,Other Motor Vehicle,No Pedestrian Involved,22350,,Clear,No Unusual Condition,Daylight,None,Driver,32,Male,Proceeding Straight,Cell Phone Not In Use,None Apparent,HNBD,Driver,52,Female,Stopped in Road,Cell Phone Not In Use,None Apparent,HNBD,Lap/Shoulder Harness Used
201300026714,7/31/2013,08:00,Wednesday,LAS POSITAS BL,OWENS DR,6161834,2077157,37.69147982,-121.8817749,Other Visible Injury,1,0,1,Traffic Signals and Signs,No,Head-On,Other Motor Vehicle,No Pedestrian Involved,21453,A,Clear,No Unusual Condition,Daylight,Functioning,Driver,26,Male,Proceeding Straight,Cell Phone Not In Use,None Apparent,HNBD,Driver,40,Male,Making Left Turn,Cell Phone Not In Use,None Apparent,HNBD,Lap/Shoulder Harness Used
201300026807,7/31/2013,21:45,Wednesday,HOPYARD RD,OWENS DR,6155403.149,2079852.058,37.69851082,-121.9042427,Property Damage Only,0,0,1,Following Too Closely,Misdemeanor,Broadside,Other Motor Vehicle,No Pedestrian Involved,21703,,Clear,No Unusual Condition,Dark - Street Lights,No Controls Present / Factor,Driver,,,Proceeding Straight,,None Apparent,Impairment Not Known,Driver,42,Female,Making Right Turn,Cell Phone Not In Use,None Apparent,HNBD,Lap/Shoulder Harness Used
201500027746,7/31/2015,12:35,Friday,MAIN ST,ROSE AV,6163373.996,2065785.954,37.66019729,-121.8760271,Property Damage Only,0,0,1,Unsafe Speed,No,Rear-End,Other Motor Vehicle,No Pedestrian Involved,22350,,Clear,No Unusual Condition,Daylight,No Controls Present / Factor,Driver,17,Female,Changing Lanes,Cell Phone Not In Use,None Apparent,HNBD,Driver,36,Male,Stopped In Road,Cell Phone Not In Use,None Apparent,HNBD,Lap/Shoulder Harness Used
201500027794,7/31/2015,18:56,Friday,STANLEY BL,MAIN ST,6164750.883,2067894.052,37.66598655,-121.8712706,Complaint of Pain,1,0,1,Wrong Side of Road,No,Broadside,Bicycle,No Pedestrian Involved,21650,,Clear,No Unusual Condition,Daylight,No Controls Present / Factor,Bicyclist,68,Male,Traveling Wrong Way,Cell Phone Not In Use,None Apparent,HNBD,Driver,42,Male,Proceeding Straight,Cell Phone Not In Use,None Apparent,HNBD,Lap/Shoulder Harness Used
201700028468,7/31/2017,15:59,Monday,HACIENDA DR,GIBRALTAR DR (N),6158370,2078636,37.69531938,-121.8938974,Other Visible Injury,2,0,1,Traffic Signals and Signs,No,Broadside,Other Motor Vehicle,No Pedestrian Involved,21453,A,Clear,No Unusual Condition,Not Stated,Functioning,Driver,27,Male,Proceeding Straight,Cell Phone Not In Use,None Apparent,HNBD,Driver,50,Male,Proceeding Straight,Cell Phone Not In Use,None Apparent,HNBD,Lap/Shoulder Harness Used