Report Number,Date,Time,Collision Day of Week,Primary Road,Secondary Road,X,Y,Latitude,Longitude,Highest Degree of Injury,Number Injured,Number Killed,Party at Fault,Primary Collision Factor,Hit and Run,Collision Type,Involved With,Pedestrian Action,Violation,Violation Subsection,Weather,Road Condition1,Lighting,Right of Way Controls,Party Type 1,Party Age 1,Party Sex 1,Movement Preceding Collision 1,special information 1,Associated Cause - Factor 1 1,Party Sobriety 1 1,Party Type 2,Party Age 2,Party Sex 2,Movement Preceding Collision 2,special information 2,Associated Cause - Factor 1 2,Party Sobriety 1 2,Safety Equipment 2
201600033721,9/10/2016,17:45,Saturday,STONERIDGE MALL RD,WORKDAY WY,6149494.237,2078298.237,37.69392641,-121.9245771,Complaint of Pain,1,0,1,Unsafe Speed,No,Rear-End,Other Motor Vehicle,No Pedestrian Involved,22350,,Clear,No Unusual Condition,Daylight,Functioning,Driver,41,Male,Slowing/Stopping,Cell Phone Not In Use,Stop and Go Traffic,HBD Not Under Influence,Driver,41,Female,Stopped In Road,Cell Phone Not In Use,Violation,HNBD,Lap/Shoulder Harness Used
201700035785,9/10/2017,16:16,Sunday,STONERIDGE DR,OFF RAMP SB I680 TO STONERIDGE DR,6150684,2077057,37.69066418,-121.9204103,Property Damage Only,0,0,1,Traffic Signals and Signs,No,Broadside,Other Motor Vehicle,No Pedestrian Involved,21453,A,Cloudy,No Unusual Condition,Daylight,Functioning,Driver,38,Female,Proceeding Straight,Cell Phone Not In Use,None Apparent,HNBD,Driver,42,Female,Making Left Turn,Cell Phone Handheld In Use,None Apparent,HNBD,Lap/Shoulder Harness Used
201800035171,9/10/2018,08:15,Monday,VALLEY AV,CRESTLINE RD,6159996.996,2071836.662,37.67679324,-121.887898,Complaint of Pain,1,0,1,Unsafe Speed,No,Rear-End,Other Motor Vehicle,No Pedestrian Involved,22350,,Clear,No Unusual Condition,Daylight,Functioning,Driver,38,Male,Proceeding Straight,Cell Phone Not In Use,None Apparent,HNBD,Driver,19,Female,Stopped In Road,Cell Phone Not In Use,None Apparent,HNBD,Lap/Shoulder Harness Used
201000043337,9/11/2010,18:04,Saturday,ROSEWOOD DR,SANTA RITA RD,6163892,2079122,37.69679428,-121.8749236,Complaint of Pain,1,0,,Traffic Signals and Signs,No,Broadside,Bicycle,No Pedestrian Involved,21453,,Clear,No Unusual Condition,Daylight,Functioning,Bicyclist,16,Female,Proceeding Straight,Not Stated,Not Stated,HNBD,Driver,54,Female,Making Right Turn,Not Stated,Not Stated,HNBD,Lap/Shoulder Harness Used
2012-00034311,9/11/2012,20:16,Tuesday,HOPYARD RD,STONERIDGE DR,6155541,2077290,37.69147495,-121.9037662,Property Damage Only,0,0,1,Auto R/W Violation,No,Broadside,Other Motor Vehicle,No Pedestrian Involved,21453,C,Clear,Construction or Repair Zone,Dark - Street Lights,Functioning,Driver,28,Male,Making Left Turn,Cell Phone Not In Use,None Apparent,HNBD,Driver,24,Female,Proceeding Straight,Cell Phone Not In Use,None Apparent,HNBD,Lap/Shoulder Harness Used
201300031995,9/11/2013,15:01,Wednesday,FOOTHILL RD,FOOTHILL KNOLLS DR,6151543.827,2067774.453,37.6651826,-121.9170417,Property Damage Only,0,0,1,Improper Turning,No,Hit Object,Fixed Object,No Pedestrian Involved,22107,,Clear,No Unusual Condition,Daylight,No Controls Present / Factor,Driver,32,Male,Making Right Turn,Cell Phone Not In Use,Violation,HNBD,,,,,,,,
201300032010,9/11/2013,16:16,Wednesday,FIRST ST,NEAL ST,6164019,2065567,37.659596,-121.873799,Complaint of Pain,1,0,1,Auto R/W Violation,No,Head-On,Other Motor Vehicle,No Pedestrian Involved,21801,A,Clear,No Unusual Condition,Daylight,Functioning,Driver,17,Female,Making Left Turn,Cell Phone Not In Use,None Apparent,HNBD,Driver,49,Female,Proceeding Straight,Cell Phone Not In Use,None Apparent,HNBD,Lap/Shoulder Harness Used
201300032024,9/11/2013,18:30,Wednesday,FIRST ST,BERNAL AV,6162678.431,2064176.109,37.65577634,-121.8784296,Property Damage Only,0,0,1,Unsafe Speed,No,Rear-End,Other Motor Vehicle,No Pedestrian Involved,22350,,Clear,No Unusual Condition,Daylight,Functioning,Driver,26,Male,Proceeding Straight,Cell Phone Not In Use,Inattention,HNBD,Driver,36,Male,Stopped In Road,Cell Phone Not In Use,None Apparent,HNBD,Lap/Shoulder Harness Used
201400035797,9/11/2014,09:32,Thursday,STONERIDGE DR,WILLOW RD,6157062.007,2077249.51,37.69151182,-121.8984175,Property Damage Only,0,0,1,Unsafe Speed,No,Sideswipe,Other Motor Vehicle,No Pedestrian Involved,22350,,Clear,No Unusual Condition,Daylight,Functioning,Driver,64,Male,Proceeding Straight,Cell Phone Not In Use,None Apparent,HNBD,Driver,55,Male,Stopped In Road,Cell Phone Not In Use,None Apparent,HNBD,Lap/Shoulder Harness Used
201500033404,9/11/2015,15:30,Friday,COMMERCE CI,COMMERCE DR,6151313.736,2079347.322,37.69695383,-121.918234,Property Damage Only,0,0,1,Improper Turning,No,Sideswipe,Parked Motor Vehicle,No Pedestrian Involved,22107,,Clear,No Unusual Condition,Not Stated,No Controls Present / Factor,Driver,,,Entering Traffic,75 Ft Motortruck Combo,Violation,Impairment Not Known,Parked Vehicle,,,Parked,Cell Phone Not In Use,None Apparent,Not Applicable,
201800035353,9/11/2018,08:01,Tuesday,SANTA RITA RD,LAS POSITAS BL,6162819.148,2077366.001,37.69205377,-121.8783704,Other Visible Injury,1,0,1,Auto R/W Violation,No,Broadside,Bicycle,No Pedestrian Involved,21803,A,Clear,No Unusual Condition,Daylight,Functioning,Driver,42,Male,Making Right Turn,Cell Phone Not In Use,None Apparent,HNBD,Bicyclist,11,Male,Making Left Turn,Cell Phone Not In Use,None Apparent,HNBD,M/C Helmet Driver - Yes
201000043468,9/12/2010,11:43,Sunday,SAN RAMON RD,OFF RAMP WB I580 TO FOOTHILL RD,6146368.595,2080693.547,37.70050437,-121.9353793,Complaint of Pain,1,0,,Unsafe Speed,No,Rear-End,Other Motor Vehicle,No Pedestrian Involved,22350,,Clear,No Unusual Condition,Daylight,Functioning,Driver,38,Not Stated,Proceeding Straight,Not Stated,Not Stated,HNBD,Driver,53,Not Stated,Stopped in Road,Not Stated,Not Stated,HNBD,Lap/Shoulder Harness Used
201000043500,9/12/2010,19:53,Sunday,ROSEWOOD DR,OLD SANTA RITA RD,6162762,2080636,37.700952,-121.878829,Complaint of Pain,1,0,,Other Hazardous Movement,No,Broadside,Other Motor Vehicle,No Pedestrian Involved,24250,,Clear,No Unusual Condition,Dark - Street Lights,Functioning,Driver,60,Not Stated,Proceeding Straight,Not Stated,Not Stated,HNBD,Driver,23,Not Stated,Making Left Turn,Not Stated,Not Stated,HNBD,Lap/Shoulder Harness Used
201400035984,9/12/2014,15:14,Friday,LAS POSITAS BL,PAYNE RD,6153960.347,2072783.375,37.67906234,-121.9089893,Other Visible Injury,1,0,1,Auto R/W Violation,No,Broadside,Bicycle,No Pedestrian Involved,21800,A,Clear,No Unusual Condition,Daylight,Functioning,Driver,22,Female,Slowing/Stopping,Cell Phone Not In Use,Violation,HNBD,Bicyclist,14,Male,Proceeding Straight,Cell Phone Not In Use,None Apparent,HNBD,M/C Helmet Driver - Yes
201400035986,9/12/2014,15:20,Friday,LAS POSITAS BL,CORONADO LN,6155954.675,2073871.262,37.68204988,-121.9020982,Other Visible Injury,1,0,,Unknown,No,Broadside,Bicycle,No Pedestrian Involved,,,Clear,No Unusual Condition,Not Stated,No Controls Present / Factor,Driver,95,Female,Making Right Turn,Cell Phone Not In Use,None Apparent,HNBD,Bicyclist,12,Female,Proceeding Straight,Cell Phone Not In Use,None Apparent,HNBD,M/C Helmet Driver - Yes
201400035996,9/12/2014,16:15,Friday,DONAHUE DR,BAUR CT,6167531.371,2072334.792,37.67836202,-121.8618492,Other Visible Injury,1,0,1,Improper Turning,No,Hit Object,Fixed Object,No Pedestrian Involved,22107,,Clear,No Unusual Condition,Daylight,No Controls Present / Factor,Driver,44,Female,Ran Off Road,Cell Phone Not In Use,None Apparent,HNBD,,,,,,,,
201500033476,9/12/2015,07:15,Saturday,ST MARYS ST,PETERS AV,6163283.215,2066777.04,37.66291901,-121.8763408,Property Damage Only,0,0,1,Improper Turning,No,Sideswipe,Parked Motor Vehicle,No Pedestrian Involved,22107,,Clear,No Unusual Condition,Daylight,No Controls Present / Factor,Driver,77,Female,Making Right Turn,Cell Phone Not In Use,,HNBD,Parked Vehicle,,,Parked,Cell Phone Not In Use,,Not Applicable,
201500033530,9/12/2015,17:25,Saturday,JOHNSON CT,OWENS DR,6155175.929,2079857.644,37.69852616,-121.905028,Property Damage Only,0,0,1,Unsafe Speed,No,Rear-End,Other Motor Vehicle,No Pedestrian Involved,22350,,Clear,No Unusual Condition,Daylight,Functioning,Driver,24,Male,Proceeding Straight,Cell Phone Not In Use,None Apparent,HNBD,Driver,47,Male,Stopped In Road,Cell Phone Not In Use,None Apparent,HNBD,Lap/Shoulder Harness Used
201600033883,9/12/2016,14:16,Monday,JOHNSON DR,OWENS DR (N),6151348.732,2080896.198,37.70137822,-121.9182559,Property Damage Only,0,0,1,Auto R/W Violation,No,Broadside,Other Motor Vehicle,No Pedestrian Involved,21804,A,Clear,No Unusual Condition,Daylight,No Controls Present / Factor,Driver,48,Male,Entering Traffic,Cell Phone Not In Use,None Apparent,HNBD,Driver,45,Female,Proceeding Straight,Cell Phone Not In Use,None Apparent,HNBD,Lap/Shoulder Harness Used
201600033889,9/12/2016,15:15,Monday,ROSEWOOD DR,OWENS DR,6161200.477,2080390.262,37.70027716,-121.884226,Property Damage Only,0,0,1,Improper Turning,No,Hit Object,Fixed Object,No Pedestrian Involved,22107,,Clear,No Unusual Condition,Daylight,No Controls Present / Factor,Driver,52,Female,Making Left Turn,Cell Phone Not In Use,,HNBD,,,,,,,,
201600033905,9/12/2016,18:29,Monday,MAIN ST,ROSE AV,6163426.455,2065902.709,37.66051792,-121.8758459,Complaint of Pain,1,0,1,Unsafe Speed,No,Rear-End,Other Motor Vehicle,No Pedestrian Involved,22350,,Clear,No Unusual Condition,Daylight,Functioning,Driver,69,Female,Proceeding Straight,Cell Phone Not In Use,Inattention,HNBD,Driver,29,Female,Stopped In Road,Cell Phone Not In Use,None Apparent,HNBD,Lap/Shoulder Harness Used
201100041443,9/13/2011,09:48,Tuesday,HACIENDA DR,OFF RAMP WB I580 TO HACIENDA DR,6160109,2081379,37.70299241,-121.8879987,Property Damage Only,0,0,1,Traffic Signals and Signs,No,Broadside,Other Motor Vehicle,No Pedestrian Involved,21453,,Clear,No Unusual Condition,Daylight,Functioning,Driver,59,Male,Proceeding Straight,Cell Phone Not In Use,None Apparent,HNBD,Driver,35,Male,Making Left Turn,Cell Phone Not In Use,None Apparent,HNBD,Lap/Shoulder Harness Used
2012-00034595,9/13/2012,19:39,Thursday,VALLEY AV,QUARRY LN,6166461,2071543,37.67618761,-121.8655474,Property Damage Only,0,0,1,Improper Turning,No,Hit Object,Fixed Object,No Pedestrian Involved,22107,,Clear,No Unusual Condition,Dark - Street Lights,Functioning,Driver,,,Proceeding Straight,,None Apparent,Impairment Not Known,,,,,,,,
2012-00034851,9/13/2012,19:49,Thursday,VALLEY AV,QUARRY LN,6166553.684,2071535.335,37.67616656,-121.8652271,Property Damage Only,0,0,1,Unsafe Speed,No,Hit Object,Other Object,No Pedestrian Involved,22350,,Clear,Obstruction on Roadway,Dark - Street Lights,Functioning,Driver,58,Female,Proceeding Straight,Cell Phone Not In Use,Other,HNBD,,,,,,,,
201400036129,9/13/2014,12:52,Saturday,ROSE AV,PLEASANTON AV,6161890.702,2066776.882,37.66280353,-121.8812051,Property Damage Only,0,0,1,Unsafe Starting or Backing,No,Hit Object,Other Object,No Pedestrian Involved,22106,,Clear,No Unusual Condition,Daylight,No Controls Present / Factor,Driver,45,Male,Stopped In Road,Cell Phone Not In Use,None Apparent,HNBD,,,,,,,,
201400036134,9/13/2014,13:24,Saturday,VALLEY AV,LAGUNA CREEK LN,6159488.508,2062633.425,37.65151622,-121.8892706,Property Damage Only,0,0,1,Improper Turning,No,Hit Object,Other Object,No Pedestrian Involved,22107,,Clear,No Unusual Condition,Daylight,No Controls Present / Factor,Driver,17,Male,Ran Off Road,Cell Phone Not In Use,Inattention,HNBD,,,,,,,,
201500033591,9/13/2015,13:05,Sunday,HOPYARD RD,ARTHUR DR,6156124.484,2072612.009,37.67867306,-121.9013072,Complaint of Pain,1,0,1,Unsafe Speed,No,Rear-End,Other Motor Vehicle,No Pedestrian Involved,22350,,Clear,No Unusual Condition,Daylight,Functioning,Driver,23,Male,Proceeding Straight,Cell Phone Not In Use,None Apparent,HNBD,Driver,42,Male,Stopped In Road,Cell Phone Not In Use,None Apparent,HNBD,Lap/Shoulder Harness Used
201500033607,9/13/2015,17:25,Sunday,STONERIDGE DR,JOHNSON DR,6152337,2076875,37.69016438,-121.9146979,Complaint of Pain,2,0,1,Traffic Signals and Signs,No,Broadside,Other Motor Vehicle,No Pedestrian Involved,21453,A,Clear,No Unusual Condition,Daylight,Functioning,Driver,50,Female,Proceeding Straight,Cell Phone Not In Use,None Apparent,HNBD,Driver,37,Female,Proceeding Straight,Cell Phone Not In Use,None Apparent,HNBD,Lap/Shoulder Harness Used
201000043667,9/14/2010,07:34,Tuesday,LAS POSITAS BL,STONERIDGE DR,6161251.09,2076559.77,37.68983971,-121.8837892,Property Damage Only,0,0,,Unsafe Speed,No,Rear-End,Other Motor Vehicle,Not in Road,22350,,Clear,No Unusual Condition,Daylight,Functioning,Driver,22,Not Stated,Proceeding Straight,Not Stated,Not Stated,HNBD,Driver,36,Not Stated,Slowing/Stopping,Not Stated,Not Stated,HNBD,Lap/Shoulder Harness Used
201000043801,9/14/2010,17:27,Tuesday,PIMLICO DR,SANTA RITA RD,6165042.921,2080330.785,37.70027903,-121.8709604,Complaint of Pain,1,0,,Auto R/W Violation,No,Broadside,Other Motor Vehicle,No Pedestrian Involved,21804,,Clear,No Unusual Condition,Daylight,None,Driver,38,Not Stated,Entering Traffic,Not Stated,Not Stated,HNBD,Driver,29,Not Stated,Proceeding Straight,Not Stated,Not Stated,HNBD,Not Stated
201100041663,9/14/2011,18:39,Wednesday,PASEO SANTA CRUZ,VALLEY AV (N),6156658.485,2071117.878,37.67456989,-121.8994621,Other Visible Injury,1,0,1,Improper Turning,No,Hit Object,Fixed Object,No Pedestrian Involved,22107,,Clear,No Unusual Condition,Daylight,None,Driver,26,Female,Ran Off Road,Cell Phone Not In Use,Other,HNBD,,,,,,,,
2012-00034631,9/14/2012,05:30,Friday,BERNAL AV,INDEPENDENCE DR,6165296,2062890,37.65236234,-121.8691971,Property Damage Only,0,0,1,Improper Turning,No,Hit Object,Fixed Object,No Pedestrian Involved,22107,,Clear,No Unusual Condition,Dusk - Dawn,None,Driver,52,Male,Proceeding Straight,Cell Phone Not In Use,None Apparent,HNBD,,,,,,,,
2012-00034645,9/14/2012,09:18,Friday,OWENS DR,WILLOW RD,6157170,2080341,37.69985355,-121.8981361,Complaint of Pain,1,0,,Traffic Signals and Signs,No,Broadside,Other Motor Vehicle,No Pedestrian Involved,21453,A,Clear,No Unusual Condition,Daylight,Functioning,Driver,65,Female,Proceeding Straight,Cell Phone Not In Use,None Apparent,HNBD,Driver,65,Female,Proceeding Straight,Cell Phone Not In Use,None Apparent,HNBD,Lap/Shoulder Harness Used
2012-00034747,9/14/2012,20:13,Friday,RUBY HILL DR,GERMANO WY (W),6181813.315,2055033.959,37.63146616,-121.8118012,Complaint of Pain,1,0,1,Unsafe Speed,No,Hit Object,Fixed Object,No Pedestrian Involved,22350,,Clear,No Unusual Condition,Dark - Street Lights,Functioning,Driver,17,Male,Proceeding Straight,Cell Phone Not In Use,Violation,HNBD,,,,,,,,
201300032490,9/14/2013,17:05,Saturday,STONERIDGE DR,DENKER DR,6153976.369,2077079.307,37.69089635,-121.9091733,Complaint of Pain,2,0,1,Unsafe Speed,No,Rear-End,Other Motor Vehicle,No Pedestrian Involved,22350,,Clear,No Unusual Condition,Daylight,Functioning,Driver,19,Female,Proceeding Straight,Cell Phone Not In Use,Inattention,HNBD,Driver,55,Male,Proceeding Straight,Cell Phone Not In Use,None Apparent,HNBD,Lap/Shoulder Harness Used
201400036235,9/14/2014,13:40,Sunday,SUNOL BL,ON RAMP SB I680 FROM EB SUNOL BL,6160498,2058231,37.63929314,-121.8854982,Other Visible Injury,3,0,1,Auto R/W Violation,No,Broadside,Other Motor Vehicle,No Pedestrian Involved,21801,A,Clear,Other,Daylight,No Controls Present / Factor,Driver,75,Female,Making Left Turn,Cell Phone Not In Use,None Apparent,HNBD,Driver,57,Female,Proceeding Straight,Cell Phone Not In Use,None Apparent,HNBD,Lap/Shoulder Harness Used
201400036269,9/14/2014,20:37,Sunday,SANTA RITA RD,VALLEY AV,6164066,2071769,37.67666,-121.873867,Property Damage Only,0,0,1,Driving Under Influence,No,Rear-End,Other Motor Vehicle,No Pedestrian Involved,23152,A,Clear,No Unusual Condition,Dusk - Dawn,Functioning,Driver,44,Male,Proceeding Straight,Cell Phone Not In Use,Violation,HBD Under Influence,Driver,23,Female,Proceeding Straight,Cell Phone Not In Use,None Apparent,HNBD,Lap/Shoulder Harness Used
201600034152,9/14/2016,11:24,Wednesday,VINEYARD AV,VISTA GRANDE,6170685,2067374,37.66490812,-121.850833,Other Visible Injury,2,0,1,Auto R/W Violation,No,Broadside,Other Motor Vehicle,No Pedestrian Involved,21801,A,Clear,No Unusual Condition,Daylight,No Controls Present / Factor,Driver,83,Female,Making Left Turn,Cell Phone Not In Use,None Apparent,HNBD,Driver,66,Male,Proceeding Straight,Cell Phone Not In Use,None Apparent,HNBD,Lap/Shoulder Harness Used
201800035931,9/14/2018,16:53,Friday,HOPYARD RD,DEL VALLE PW,6161015.523,2068655.133,37.66796157,-121.8842282,Complaint of Pain,1,0,1,Unsafe Speed,No,Rear-End,Other Motor Vehicle,No Pedestrian Involved,22350,,Clear,No Unusual Condition,Daylight,No Controls Present / Factor,Driver,19,Female,Proceeding Straight,Cell Phone Not In Use,None Apparent,HNBD,Driver,86,Female,Proceeding Straight,Cell Phone Not In Use,None Apparent,HNBD,Lap/Shoulder Harness Used
201100041793,9/15/2011,14:59,Thursday,STONERIDGE DR,WILLOW RD,6157081,2077249,37.69151042,-121.8983519,Other Visible Injury,2,0,1,Traffic Signals and Signs,No,Broadside,Other Motor Vehicle,No Pedestrian Involved,21453,,Clear,No Unusual Condition,Daylight,Functioning,Driver,35,Male,Proceeding Straight,Cell Phone Not In Use,None Apparent,HNBD,Driver,47,Female,Proceeding Straight,Cell Phone Not In Use,None Apparent,HNBD,Lap/Shoulder Harness Used
2012-00034815,9/15/2012,12:42,Saturday,STONERIDGE MALL RD,LAUREL CREEK WY,6147974.23,2077730.054,37.69236608,-121.9298302,Other Visible Injury,1,0,1,Auto R/W Violation,No,Broadside,Other Motor Vehicle,No Pedestrian Involved,21804,A,Clear,No Unusual Condition,Daylight,None,Driver,19,Female,Entering Traffic,Cell Phone Not In Use,None Apparent,HNBD,Driver,28,Female,Proceeding Straight,Cell Phone Not In Use,None Apparent,HNBD,Lap/Shoulder Harness Used
201300032648,9/15/2013,23:22,Sunday,PORTSMOUTH CT,PIMLICO DR,6167359.04,2079023.107,37.69668792,-121.8629555,Property Damage Only,0,0,1,Driving Under Influence,No,Sideswipe,Other Motor Vehicle,No Pedestrian Involved,23152,A,Clear,No Unusual Condition,Dark - Street Lights,No Controls Present / Factor,Driver,30,Female,Making Right Turn,Cell Phone Not In Use,Violation,HBD Under Influence,Driver,24,Male,Stopped In Road,Cell Phone Not In Use,None Apparent,HNBD,Lap/Shoulder Harness Used
201400036306,9/15/2014,06:10,Monday,LAS POSITAS BL,OWENS DR,6161834,2077157,37.69147982,-121.8817749,Property Damage Only,0,0,1,Auto R/W Violation,No,Broadside,Other Motor Vehicle,No Pedestrian Involved,21453,C,Clear,No Unusual Condition,Dark - Street Lights,Functioning,Driver,,,Making Left Turn,,None Apparent,Impairment Not Known,Driver,23,Female,Proceeding Straight,Cell Phone Not In Use,None Apparent,HNBD,Lap/Shoulder Harness Used
201500033797,9/15/2015,10:38,Tuesday,HOPYARD RD,VALLEY AV,6157371,2071600,37.67589389,-121.8970003,Other Visible Injury,1,0,,Other Than Driver,No,Sideswipe,Bicycle,No Pedestrian Involved,,,Clear,No Unusual Condition,Daylight,Functioning,Bicyclist,63,Female,Proceeding Straight,Cell Phone Not In Use,None Apparent,Other Physical Impairment,Driver,41,Female,Proceeding Straight,Cell Phone Not In Use,None Apparent,HNBD,Lap/Shoulder Harness Used
201500033830,9/15/2015,15:46,Tuesday,STONERIDGE DR,LAS POSITAS BL,6160421.15,2076655.444,37.68988041,-121.886809,Other Visible Injury,1,0,2,Auto R/W Violation,No,Head-On,Other Motor Vehicle,No Pedestrian Involved,21801,A,Clear,No Unusual Condition,Daylight,No Controls Present / Factor,Driver,42,Female,Proceeding Straight,Cell Phone Not In Use,Inattention,HNBD,Driver,76,Male,Making Left Turn,Cell Phone Not In Use,None Apparent,HNBD,Lap/Shoulder Harness Used
201500033856,9/15/2015,21:33,Tuesday,LAS POSITAS BL,STONERIDGE DR,6160907,2076197,37.68884348,-121.8849782,Property Damage Only,0,0,1,Improper Turning,No,Hit Object,Fixed Object,No Pedestrian Involved,22107,,Clear,No Unusual Condition,Dark - Street Lights,Functioning,Driver,79,Female,Stopped In Road,Cell Phone Not In Use,None Apparent,HNBD,,,,,,,,
201600034295,9/15/2016,07:49,Thursday,SANTA RITA RD,MOHR AV,6163575.348,2073654.642,37.68183833,-121.8755624,Property Damage Only,0,0,1,Unsafe Speed,No,Rear-End,Other Motor Vehicle,No Pedestrian Involved,22350,,Clear,No Unusual Condition,Daylight,Functioning,Driver,40,Female,Proceeding Straight,Cell Phone Not In Use,None Apparent,HNBD,Driver,36,Male,Slowing/Stopping,Cell Phone Not In Use,Stop and Go Traffic,HNBD,Lap/Shoulder Harness Used
201600034298,9/15/2016,07:54,Thursday,SANTA RITA RD,MOHR AV,6163572.431,2073665.248,37.68186746,-121.8755725,Property Damage Only,0,0,1,Unsafe Speed,No,Rear-End,Other Motor Vehicle,No Pedestrian Involved,22350,,Clear,No Unusual Condition,Daylight,Functioning,Driver,17,Male,Slowing/Stopping,Cell Phone Not In Use,Stop and Go Traffic,HNBD,Driver,45,Female,Slowing/Stopping,Cell Phone Not In Use,None Apparent,HNBD,Lap/Shoulder Harness Used
21600034331,9/15/2016,11:41,Thursday,LAS POSITAS BL,STONERIDGE DR,6160907,2076197,37.68884348,-121.8849782,Other Visible Injury,3,0,1,Auto R/W Violation,No,Broadside,Other Motor Vehicle,No Pedestrian Involved,21453,C,Clear,No Unusual Condition,Daylight,Functioning,Driver,86,Female,Making Left Turn,Cell Phone Not In Use,None Apparent,HNBD,Driver,52,Male,Proceeding Straight,Cell Phone Not In Use,None Apparent,HNBD,Lap/Shoulder Harness Used
201700036736,9/15/2017,14:27,Friday,SANTA RITA RD,LAS POSITAS BL,6162819,2077378,37.69208672,-121.8783709,Complaint of Pain,1,0,1,Traffic Signals and Signs,No,Broadside,Other Motor Vehicle,No Pedestrian Involved,21453,A,Clear,No Unusual Condition,Daylight,Functioning,Driver,59,Male,Proceeding Straight,Cell Phone Not In Use,None Apparent,HNBD,Driver,85,Male,Making Left Turn,Cell Phone Not In Use,None Apparent,HNBD,Lap/Shoulder Harness Used
201800036051,9/15/2018,17:21,Saturday,NEAL ST,RAILROAD AV,6163817.233,2065736.09,37.66006035,-121.874496,Property Damage Only,0,0,1,Improper Turning,No,Sideswipe,Parked Motor Vehicle,No Pedestrian Involved,22107,,Clear,No Unusual Condition,Daylight,No Controls Present / Factor,Driver,75,Male,Parking Maneuver,Cell Phone Not In Use,None Apparent,HNBD,Parked Vehicle,,,Parked,Cell Phone Handsfree In Use,None Apparent,Not Applicable,
201800036093,9/15/2018,23:09,Saturday,FOOTHILL RD,CANYON WY,6146846.914,2078627.798,37.69483145,-121.9337261,Other Visible Injury,2,0,1,Driving Under Influence,No,Rear-End,Other Motor Vehicle,No Pedestrian Involved,23152,A,Clear,No Unusual Condition,Dark - Street Lights,Functioning,Driver,44,Male,Proceeding Straight,Cell Phone Not In Use,Violation,HBD Under Influence,Driver,48,Male,Stopped In Road,Cell Phone Not In Use,None Apparent,HNBD,Lap/Shoulder Harness Used
201000044020,9/16/2010,15:50,Thursday,SANTA RITA RD,VALLEY AV,6163988.013,2072069.03,37.67748394,-121.8741365,Property Damage Only,0,0,,Unknown,No,Sideswipe,Other Motor Vehicle,No Pedestrian Involved,,,Clear,No Unusual Condition,Daylight,Functioning,Driver,75,Not Stated,Stopped in Road,Not Stated,Not Stated,HNBD,Driver,23,Not Stated,Stopped in Road,Not Stated,Not Stated,HNBD,Lap/Shoulder Harness Used
201044250,9/16/2010,18:18,Thursday,SANTA RITA RD,LOCKHART LN,6163808.262,2072760.162,37.67938192,-121.8747576,Complaint of Pain,1,0,,Unsafe Speed,No,Rear-End,Other Motor Vehicle,No Pedestrian Involved,22350,,Clear,No Unusual Condition,Daylight,Functioning,Driver,42,Not Stated,Proceeding Straight,Not Stated,Not Stated,HNBD,Driver,26,Not Stated,Stopped in Road,Not Stated,Not Stated,HNBD,Lap/Shoulder Harness Used
201000044270,9/16/2010,21:05,Thursday,DOUGHERTY RD,OFF RAMP WB I580 TO DOUGHERTY RD,6154323,2081541,37.70314896,-121.9079761,Complaint of Pain,1,0,,Unsafe Speed,No,Rear-End,Other Motor Vehicle,No Pedestrian Involved,22350,,Clear,No Unusual Condition,Dark - Street Lights,Functioning,Driver,18,Not Stated,Proceeding Straight,Not Stated,Not Stated,HNBD,Driver,17,Not Stated,Stopped in Road,Not Stated,Not Stated,HNBD,Lap/Shoulder Harness Used
2012-00036205,9/16/2012,16:00,Sunday,SANTA RITA RD,PIMLICO DR,6164698.933,2080163.476,37.69981957,-121.8721493,Property Damage Only,0,0,,Improper Turning,No,Sideswipe,Other Motor Vehicle,No Pedestrian Involved,22107,,Clear,No Unusual Condition,Daylight,Functioning,Driver,33,Male,Proceeding Straight,Not Stated,Not Stated,HNBD,Driver,19,Male,Proceeding Straight,Cell Phone Not In Use,None Apparent,HNBD,Lap/Shoulder Harness Used
2012-00034946,9/16/2012,16:10,Sunday,VINEYARD AV,REGALIA CT,,,,,Other Visible Injury,1,0,1,Wrong Side of Road,No,Broadside,Bicycle,No Pedestrian Involved,21650,1,Clear,No Unusual Condition,Daylight,None,Bicyclist,13,Male,Traveling Wrong Way,Not Stated,None Apparent,HNBD,Driver,25,Male,Entering Traffic,Not Stated,None Apparent,HNBD,Lap/Shoulder Harness Used
201300032708,9/16/2013,10:50,Monday,OWENS DR,HACIENDA DR,6159801.201,2079473.813,37.69762016,-121.8889511,Property Damage Only,0,0,,Unknown,No,Sideswipe,Other Motor Vehicle,No Pedestrian Involved,,,Clear,No Unusual Condition,Daylight,Functioning,Driver,62,Male,Proceeding Straight,Cell Phone Not In Use,None Apparent,HNBD,Driver,60,Male,Making Right Turn,Cell Phone Not In Use,None Apparent,HNBD,Lap/Shoulder Harness Used
201400036550,9/16/2014,17:22,Tuesday,DUBLIN CANYON RD,CANYON MEADOWS DR,6142270.218,2078842.257,37.69513516,-121.9495693,Other Visible Injury,1,0,1,Unsafe Lane Change,Felony,Sideswipe,Other Motor Vehicle,No Pedestrian Involved,21658,A,Clear,No Unusual Condition,Daylight,No Controls Present / Factor,Driver,,,Proceeding Straight,,None Apparent,Impairment Not Known,Driver,41,Female,Proceeding Straight,Cell Phone Not In Use,None Apparent,HNBD,Lap/Shoulder Harness Used